--
-- PostgreSQL database dump
--

\restrict Vv9kE0ixeg9bZ3aSdETRHKzhGYzs66SAYfjwtfX3UD4GCgeEoFiAg9OCmBwKcBR

-- Dumped from database version 14.19
-- Dumped by pg_dump version 14.19

SET statement_timeout = 0;
SET lock_timeout = 0;
SET idle_in_transaction_session_timeout = 0;
SET client_encoding = 'UTF8';
SET standard_conforming_strings = on;
SELECT pg_catalog.set_config('search_path', '', false);
SET check_function_bodies = false;
SET xmloption = content;
SET client_min_messages = warning;
SET row_security = off;

DROP DATABASE IF EXISTS futsal_friends_db;
--
-- Name: futsal_friends_db; Type: DATABASE; Schema: -; Owner: futsal_user
--

CREATE DATABASE futsal_friends_db WITH TEMPLATE = template0 ENCODING = 'UTF8' LOCALE = 'en_US.utf8';


ALTER DATABASE futsal_friends_db OWNER TO futsal_user;

\unrestrict Vv9kE0ixeg9bZ3aSdETRHKzhGYzs66SAYfjwtfX3UD4GCgeEoFiAg9OCmBwKcBR
\connect futsal_friends_db
\restrict Vv9kE0ixeg9bZ3aSdETRHKzhGYzs66SAYfjwtfX3UD4GCgeEoFiAg9OCmBwKcBR

SET statement_timeout = 0;
SET lock_timeout = 0;
SET idle_in_transaction_session_timeout = 0;
SET client_encoding = 'UTF8';
SET standard_conforming_strings = on;
SELECT pg_catalog.set_config('search_path', '', false);
SET check_function_bodies = false;
SET xmloption = content;
SET client_min_messages = warning;
SET row_security = off;

--
-- Name: match_result_outcome; Type: TYPE; Schema: public; Owner: futsal_user
--

CREATE TYPE public.match_result_outcome AS ENUM (
    'WIN',
    'DRAW',
    'LOSS',
    'DID_NOT_ATTEND'
);


ALTER TYPE public.match_result_outcome OWNER TO futsal_user;

--
-- Name: match_status; Type: TYPE; Schema: public; Owner: futsal_user
--

CREATE TYPE public.match_status AS ENUM (
    'SCHEDULED',
    'CONFIRMED',
    'COMPLETED',
    'CANCELLED'
);


ALTER TYPE public.match_status OWNER TO futsal_user;

--
-- Name: playertype; Type: TYPE; Schema: public; Owner: futsal_user
--

CREATE TYPE public.playertype AS ENUM (
    'regular',
    'invited'
);


ALTER TYPE public.playertype OWNER TO futsal_user;

--
-- Name: result_type; Type: TYPE; Schema: public; Owner: futsal_user
--

CREATE TYPE public.result_type AS ENUM (
    'WIN',
    'DRAW'
);


ALTER TYPE public.result_type OWNER TO futsal_user;

--
-- Name: team_name; Type: TYPE; Schema: public; Owner: futsal_user
--

CREATE TYPE public.team_name AS ENUM (
    'TEAM_A',
    'TEAM_B'
);


ALTER TYPE public.team_name OWNER TO futsal_user;

SET default_tablespace = '';

SET default_table_access_method = heap;

--
-- Name: alembic_version; Type: TABLE; Schema: public; Owner: futsal_user
--

CREATE TABLE public.alembic_version (
    version_num character varying(32) NOT NULL
);


ALTER TABLE public.alembic_version OWNER TO futsal_user;

--
-- Name: match_attendances; Type: TABLE; Schema: public; Owner: futsal_user
--

CREATE TABLE public.match_attendances (
    id uuid NOT NULL,
    match_id uuid NOT NULL,
    player_id uuid NOT NULL,
    attended boolean NOT NULL,
    created_at timestamp without time zone NOT NULL,
    updated_at timestamp without time zone NOT NULL
);


ALTER TABLE public.match_attendances OWNER TO futsal_user;

--
-- Name: match_results; Type: TABLE; Schema: public; Owner: futsal_user
--

CREATE TABLE public.match_results (
    id uuid NOT NULL,
    match_id uuid NOT NULL,
    team_a_id uuid NOT NULL,
    team_b_id uuid NOT NULL,
    team_a_score integer NOT NULL,
    team_b_score integer NOT NULL,
    winning_team_id uuid,
    result_type public.result_type NOT NULL,
    recorded_at timestamp without time zone NOT NULL,
    created_at timestamp without time zone NOT NULL,
    updated_at timestamp without time zone NOT NULL
);


ALTER TABLE public.match_results OWNER TO futsal_user;

--
-- Name: matches; Type: TABLE; Schema: public; Owner: futsal_user
--

CREATE TABLE public.matches (
    id uuid NOT NULL,
    season_id uuid NOT NULL,
    match_date timestamp without time zone NOT NULL,
    status public.match_status NOT NULL,
    rsvp_deadline timestamp without time zone,
    location character varying(200),
    notes text,
    created_at timestamp without time zone NOT NULL,
    updated_at timestamp without time zone NOT NULL,
    match_week integer NOT NULL,
    CONSTRAINT ck_match_week_positive CHECK ((match_week > 0))
);


ALTER TABLE public.matches OWNER TO futsal_user;

--
-- Name: player_match_ratings; Type: TABLE; Schema: public; Owner: futsal_user
--

CREATE TABLE public.player_match_ratings (
    id uuid NOT NULL,
    player_id uuid NOT NULL,
    match_id uuid NOT NULL,
    season_id uuid NOT NULL,
    match_number integer NOT NULL,
    match_date timestamp without time zone NOT NULL,
    attended_match boolean NOT NULL,
    attended_third_time boolean NOT NULL,
    match_result public.match_result_outcome NOT NULL,
    team_average_rating double precision,
    opponent_average_rating double precision,
    rating_before double precision NOT NULL,
    rating_after double precision NOT NULL,
    rating_change double precision NOT NULL,
    elo_k_factor double precision NOT NULL,
    attendance_bonus double precision NOT NULL,
    third_time_bonus double precision NOT NULL,
    non_attendance_penalty double precision NOT NULL,
    calculated_at timestamp without time zone NOT NULL,
    created_at timestamp without time zone NOT NULL,
    CONSTRAINT ck_match_number_positive CHECK ((match_number > 0)),
    CONSTRAINT ck_rating_after_range CHECK (((rating_after >= (1.0)::double precision) AND (rating_after <= (5.0)::double precision))),
    CONSTRAINT ck_rating_before_range CHECK (((rating_before >= (1.0)::double precision) AND (rating_before <= (5.0)::double precision)))
);


ALTER TABLE public.player_match_ratings OWNER TO futsal_user;

--
-- Name: player_season_ratings; Type: TABLE; Schema: public; Owner: futsal_user
--

CREATE TABLE public.player_season_ratings (
    id uuid NOT NULL,
    player_id uuid NOT NULL,
    season_id uuid NOT NULL,
    current_rating double precision NOT NULL,
    matches_completed integer NOT NULL,
    matches_attended integer NOT NULL,
    rating_locked boolean NOT NULL,
    last_calculated_at timestamp without time zone,
    created_at timestamp without time zone NOT NULL,
    updated_at timestamp without time zone NOT NULL,
    CONSTRAINT ck_attendance_count CHECK ((matches_attended <= matches_completed)),
    CONSTRAINT ck_rating_range CHECK (((current_rating >= (1.0)::double precision) AND (current_rating <= (5.0)::double precision)))
);


ALTER TABLE public.player_season_ratings OWNER TO futsal_user;

--
-- Name: players; Type: TABLE; Schema: public; Owner: futsal_user
--

CREATE TABLE public.players (
    id uuid NOT NULL,
    name character varying(100) NOT NULL,
    is_active boolean NOT NULL,
    created_at timestamp without time zone NOT NULL,
    updated_at timestamp without time zone NOT NULL,
    player_type public.playertype DEFAULT 'regular'::public.playertype NOT NULL
);


ALTER TABLE public.players OWNER TO futsal_user;

--
-- Name: seasons; Type: TABLE; Schema: public; Owner: futsal_user
--

CREATE TABLE public.seasons (
    id uuid NOT NULL,
    name character varying(100) NOT NULL,
    year integer NOT NULL,
    start_date date NOT NULL,
    end_date date,
    is_active boolean NOT NULL,
    created_at timestamp without time zone NOT NULL,
    updated_at timestamp without time zone NOT NULL
);


ALTER TABLE public.seasons OWNER TO futsal_user;

--
-- Name: team_players; Type: TABLE; Schema: public; Owner: futsal_user
--

CREATE TABLE public.team_players (
    id uuid NOT NULL,
    team_id uuid NOT NULL,
    player_id uuid NOT NULL,
    "position" character varying(50),
    created_at timestamp without time zone NOT NULL
);


ALTER TABLE public.team_players OWNER TO futsal_user;

--
-- Name: teams; Type: TABLE; Schema: public; Owner: futsal_user
--

CREATE TABLE public.teams (
    id uuid NOT NULL,
    match_id uuid NOT NULL,
    name public.team_name NOT NULL,
    average_skill_rating double precision,
    created_at timestamp without time zone NOT NULL
);


ALTER TABLE public.teams OWNER TO futsal_user;

--
-- Name: third_time_attendances; Type: TABLE; Schema: public; Owner: futsal_user
--

CREATE TABLE public.third_time_attendances (
    id uuid NOT NULL,
    match_id uuid NOT NULL,
    player_id uuid NOT NULL,
    attended boolean NOT NULL,
    created_at timestamp without time zone NOT NULL
);


ALTER TABLE public.third_time_attendances OWNER TO futsal_user;

--
-- Data for Name: alembic_version; Type: TABLE DATA; Schema: public; Owner: futsal_user
--

COPY public.alembic_version (version_num) FROM stdin;
efb10028c48c
\.


--
-- Data for Name: match_attendances; Type: TABLE DATA; Schema: public; Owner: futsal_user
--

COPY public.match_attendances (id, match_id, player_id, attended, created_at, updated_at) FROM stdin;
26cf7178-90ff-4e5d-8c37-ca9c84bf0a98	7712a21a-7fc7-4f07-bfbd-fea814175b7c	839f0f95-bd46-4565-b2bc-9c76f0eec536	t	2025-11-01 21:23:17.959575	2025-11-01 21:23:17.959581
3e5dad3b-ae7a-4c16-a270-07644b1c7d93	7712a21a-7fc7-4f07-bfbd-fea814175b7c	638378af-a3a0-4010-96bd-a4fcdf49e841	t	2025-11-01 21:23:17.969971	2025-11-01 21:23:17.969973
79145cde-fac2-4bd5-bd80-cf222b9ab0b1	7712a21a-7fc7-4f07-bfbd-fea814175b7c	e22adc74-dbad-4a52-8822-d41df3c3a7d0	t	2025-11-01 21:23:17.972068	2025-11-01 21:23:17.972071
07d2ef0c-fda9-4ce7-ac2e-0464ceb25dbd	7712a21a-7fc7-4f07-bfbd-fea814175b7c	c98f7bfd-cbba-443e-941b-962dd6d40fed	f	2025-11-01 21:23:17.974003	2025-11-01 21:23:17.974004
19497156-8f5d-4b04-9fee-fa133991fbc6	7712a21a-7fc7-4f07-bfbd-fea814175b7c	d83f7d2d-2b57-40bd-80ad-23e4eb03b8a9	f	2025-11-01 21:23:17.975895	2025-11-01 21:23:17.975896
9b82556f-55f4-46be-843f-dbf03a99aeec	7712a21a-7fc7-4f07-bfbd-fea814175b7c	2f2fd4c0-7f94-45f7-8b48-0cbecd8e018c	t	2025-11-01 21:23:17.977709	2025-11-01 21:23:17.97771
652d73cc-60b1-44ac-a6a6-5abdc415b84f	7712a21a-7fc7-4f07-bfbd-fea814175b7c	b5b71c9b-a553-4db3-8a95-f0e9fc460a17	f	2025-11-01 21:23:17.979586	2025-11-01 21:23:17.979587
6a826dc6-8eb0-40a4-80e1-782c4756a7b4	7712a21a-7fc7-4f07-bfbd-fea814175b7c	f18488fd-d485-4bcf-8f0f-0c2f3cfdb025	f	2025-11-01 21:23:17.981588	2025-11-01 21:23:17.981589
01c96d46-117d-4e09-8142-807770dd36ca	7712a21a-7fc7-4f07-bfbd-fea814175b7c	0ae22ab5-d3a0-4b3f-9b8d-ece4224f340a	f	2025-11-01 21:23:17.983337	2025-11-01 21:23:17.983338
55c62b97-80c7-46b6-af2e-53ee4feacbe8	7712a21a-7fc7-4f07-bfbd-fea814175b7c	958f1430-f51c-43a0-871d-e10324151dbc	t	2025-11-01 21:23:17.985172	2025-11-01 21:23:17.985173
1172c095-0ee0-41f4-b78b-19cc641ce301	7712a21a-7fc7-4f07-bfbd-fea814175b7c	de7929fd-181e-4cbd-b564-b9fd597779c9	f	2025-11-01 21:23:17.986975	2025-11-01 21:23:17.986976
39ab1ec7-2e3f-4a32-adb3-31d34406b9c5	7712a21a-7fc7-4f07-bfbd-fea814175b7c	b982f348-6db4-438a-b106-c74d69e87e2d	t	2025-11-01 21:23:17.98864	2025-11-01 21:23:17.988641
6ec079fc-4cad-459d-821a-138bba89170d	7712a21a-7fc7-4f07-bfbd-fea814175b7c	c976e410-ded4-4cc0-ab2f-53ee8abe2a4d	t	2025-11-01 21:23:17.990401	2025-11-01 21:23:17.990402
deccefd3-cd1e-48f4-83b9-af99cbf7fa57	7712a21a-7fc7-4f07-bfbd-fea814175b7c	fb1a9540-a35f-4789-a917-888bc71c4e5b	t	2025-11-01 21:23:17.992412	2025-11-01 21:23:17.992415
48ba4377-1beb-4df7-bf19-4d23a202c141	7712a21a-7fc7-4f07-bfbd-fea814175b7c	d3373e62-c862-48ad-9db6-4cf353621f7e	t	2025-11-01 21:23:17.994343	2025-11-01 21:23:17.994345
a04ce271-d55b-4fa0-b176-ea1e977bb3b3	e940f144-fd5a-4cf4-b348-decd293ccd1e	839f0f95-bd46-4565-b2bc-9c76f0eec536	f	2025-11-01 21:27:14.6013	2025-11-01 21:27:14.601302
a2780727-c13d-4d85-a5eb-45da35d262ea	e940f144-fd5a-4cf4-b348-decd293ccd1e	638378af-a3a0-4010-96bd-a4fcdf49e841	t	2025-11-01 21:27:14.608721	2025-11-01 21:27:14.608722
181f5476-600d-4158-8b35-af6b77e200ee	e940f144-fd5a-4cf4-b348-decd293ccd1e	e22adc74-dbad-4a52-8822-d41df3c3a7d0	t	2025-11-01 21:27:14.609861	2025-11-01 21:27:14.609861
abea1d74-c31f-46b8-a1e9-c51a88c86fc2	e940f144-fd5a-4cf4-b348-decd293ccd1e	c98f7bfd-cbba-443e-941b-962dd6d40fed	t	2025-11-01 21:27:14.610746	2025-11-01 21:27:14.610746
1203b3a0-b5d4-4586-ad2a-77bc8f341c13	e940f144-fd5a-4cf4-b348-decd293ccd1e	d83f7d2d-2b57-40bd-80ad-23e4eb03b8a9	f	2025-11-01 21:27:14.611511	2025-11-01 21:27:14.611511
8e986324-db09-4338-b5f3-b71bb758bc8a	e940f144-fd5a-4cf4-b348-decd293ccd1e	2f2fd4c0-7f94-45f7-8b48-0cbecd8e018c	f	2025-11-01 21:27:14.61238	2025-11-01 21:27:14.612381
eaf6b196-8045-4ca8-9a04-833ac195ea30	e940f144-fd5a-4cf4-b348-decd293ccd1e	b5b71c9b-a553-4db3-8a95-f0e9fc460a17	f	2025-11-01 21:27:14.613199	2025-11-01 21:27:14.6132
0c5d64e6-3f9e-4119-b956-08c153dfb1d1	e940f144-fd5a-4cf4-b348-decd293ccd1e	f18488fd-d485-4bcf-8f0f-0c2f3cfdb025	f	2025-11-01 21:27:14.613929	2025-11-01 21:27:14.613929
a6144c72-69bd-4830-b295-8ba658e20976	e940f144-fd5a-4cf4-b348-decd293ccd1e	0ae22ab5-d3a0-4b3f-9b8d-ece4224f340a	f	2025-11-01 21:27:14.614716	2025-11-01 21:27:14.614717
3f1eaf0b-5ff7-46aa-9fbe-96d0f1575869	e940f144-fd5a-4cf4-b348-decd293ccd1e	958f1430-f51c-43a0-871d-e10324151dbc	f	2025-11-01 21:27:14.615537	2025-11-01 21:27:14.615537
c05f23ae-9a8a-4d28-a36a-eb790028befe	e940f144-fd5a-4cf4-b348-decd293ccd1e	de7929fd-181e-4cbd-b564-b9fd597779c9	t	2025-11-01 21:27:14.616697	2025-11-01 21:27:14.616697
5d7b8921-c341-420a-b677-948f7fb260a3	e940f144-fd5a-4cf4-b348-decd293ccd1e	b982f348-6db4-438a-b106-c74d69e87e2d	t	2025-11-01 21:27:14.617801	2025-11-01 21:27:14.617802
7a1e7023-8689-4cd1-bbc7-0673d9a335b9	e940f144-fd5a-4cf4-b348-decd293ccd1e	c976e410-ded4-4cc0-ab2f-53ee8abe2a4d	t	2025-11-01 21:27:14.619605	2025-11-01 21:27:14.619606
b8409234-7c19-4d3f-9e27-c9004723b448	e940f144-fd5a-4cf4-b348-decd293ccd1e	fb1a9540-a35f-4789-a917-888bc71c4e5b	t	2025-11-01 21:27:14.621002	2025-11-01 21:27:14.621002
c7f2b7f7-e5bf-4f83-9994-91a41c036c86	e940f144-fd5a-4cf4-b348-decd293ccd1e	d3373e62-c862-48ad-9db6-4cf353621f7e	t	2025-11-01 21:27:14.622258	2025-11-01 21:27:14.622259
14d40e09-a490-482b-ae2f-33223aa7f480	3b9359ce-9703-40ba-b24c-4890af8e64e7	839f0f95-bd46-4565-b2bc-9c76f0eec536	f	2025-11-01 21:29:44.907723	2025-11-01 21:29:44.907728
c5893b14-9d1d-4947-be73-df9458a54527	3b9359ce-9703-40ba-b24c-4890af8e64e7	638378af-a3a0-4010-96bd-a4fcdf49e841	f	2025-11-01 21:29:44.922793	2025-11-01 21:29:44.922797
fb552312-b04f-4ac4-8b89-42f293bd0712	3b9359ce-9703-40ba-b24c-4890af8e64e7	e22adc74-dbad-4a52-8822-d41df3c3a7d0	t	2025-11-01 21:29:44.925708	2025-11-01 21:29:44.92571
a432d686-fb2c-4166-87aa-befe0de3e461	3b9359ce-9703-40ba-b24c-4890af8e64e7	c98f7bfd-cbba-443e-941b-962dd6d40fed	t	2025-11-01 21:29:44.928214	2025-11-01 21:29:44.928216
62df55fd-9adc-465c-9f85-63d16a22f3fb	3b9359ce-9703-40ba-b24c-4890af8e64e7	d83f7d2d-2b57-40bd-80ad-23e4eb03b8a9	f	2025-11-01 21:29:44.930305	2025-11-01 21:29:44.930305
2eea065b-b0d5-444b-a8b3-140cd9114b39	3b9359ce-9703-40ba-b24c-4890af8e64e7	2f2fd4c0-7f94-45f7-8b48-0cbecd8e018c	t	2025-11-01 21:29:44.932205	2025-11-01 21:29:44.932206
a3629071-d139-4edb-9f9f-99f49b668381	3b9359ce-9703-40ba-b24c-4890af8e64e7	b5b71c9b-a553-4db3-8a95-f0e9fc460a17	f	2025-11-01 21:29:44.934965	2025-11-01 21:29:44.934967
854e6d4e-7546-405b-9323-3e9b4e37e878	3b9359ce-9703-40ba-b24c-4890af8e64e7	f18488fd-d485-4bcf-8f0f-0c2f3cfdb025	f	2025-11-01 21:29:44.937619	2025-11-01 21:29:44.937623
e6651ead-b3cd-48e6-8607-6c78d74f7111	3b9359ce-9703-40ba-b24c-4890af8e64e7	0ae22ab5-d3a0-4b3f-9b8d-ece4224f340a	t	2025-11-01 21:29:44.94102	2025-11-01 21:29:44.941024
528450e7-98b9-43da-acca-f0586fbe853a	3b9359ce-9703-40ba-b24c-4890af8e64e7	958f1430-f51c-43a0-871d-e10324151dbc	t	2025-11-01 21:29:44.943775	2025-11-01 21:29:44.943779
4897afc9-edca-48e7-b0f9-f46870a47d8b	3b9359ce-9703-40ba-b24c-4890af8e64e7	de7929fd-181e-4cbd-b564-b9fd597779c9	t	2025-11-01 21:29:44.94902	2025-11-01 21:29:44.949025
fda7abb0-fe5c-4f64-83f5-71545d7876c7	3b9359ce-9703-40ba-b24c-4890af8e64e7	b982f348-6db4-438a-b106-c74d69e87e2d	f	2025-11-01 21:29:44.953338	2025-11-01 21:29:44.953348
fca8bc00-32e3-474c-834e-c394cd00efbf	3b9359ce-9703-40ba-b24c-4890af8e64e7	c976e410-ded4-4cc0-ab2f-53ee8abe2a4d	t	2025-11-01 21:29:44.958827	2025-11-01 21:29:44.958832
5339911b-bda9-4120-95ca-4fae7bbcb445	3b9359ce-9703-40ba-b24c-4890af8e64e7	fb1a9540-a35f-4789-a917-888bc71c4e5b	t	2025-11-01 21:29:44.962186	2025-11-01 21:29:44.962189
fa465df0-44fb-40a8-aca1-d1d809197ac4	3b9359ce-9703-40ba-b24c-4890af8e64e7	d3373e62-c862-48ad-9db6-4cf353621f7e	t	2025-11-01 21:29:44.965265	2025-11-01 21:29:44.965267
21fbe4c3-2ce5-44ad-9e39-cf928e36c827	8c910fd4-9582-4c74-863e-40f6bc168bc0	839f0f95-bd46-4565-b2bc-9c76f0eec536	f	2025-11-01 21:32:34.927528	2025-11-01 21:32:34.927531
d042aea2-cc54-470f-b4f0-ab67214a4a19	8c910fd4-9582-4c74-863e-40f6bc168bc0	638378af-a3a0-4010-96bd-a4fcdf49e841	f	2025-11-01 21:32:34.94023	2025-11-01 21:32:34.940232
aa984c86-af53-4637-931d-325a5eeba7d7	8c910fd4-9582-4c74-863e-40f6bc168bc0	e22adc74-dbad-4a52-8822-d41df3c3a7d0	t	2025-11-01 21:32:34.9417	2025-11-01 21:32:34.941701
fca2d221-3fa4-4372-926b-21bf443092d8	8c910fd4-9582-4c74-863e-40f6bc168bc0	c98f7bfd-cbba-443e-941b-962dd6d40fed	t	2025-11-01 21:32:34.943221	2025-11-01 21:32:34.943222
af584bc3-229a-4224-8cf6-d3b57007a1ef	8c910fd4-9582-4c74-863e-40f6bc168bc0	d83f7d2d-2b57-40bd-80ad-23e4eb03b8a9	f	2025-11-01 21:32:34.944594	2025-11-01 21:32:34.944595
8e2ec6e3-6fa7-4e63-8481-2bb03363b11a	8c910fd4-9582-4c74-863e-40f6bc168bc0	2f2fd4c0-7f94-45f7-8b48-0cbecd8e018c	t	2025-11-01 21:32:34.946063	2025-11-01 21:32:34.946064
d8159056-5798-45fb-a4b2-92b766b91d46	8c910fd4-9582-4c74-863e-40f6bc168bc0	b5b71c9b-a553-4db3-8a95-f0e9fc460a17	f	2025-11-01 21:32:34.947629	2025-11-01 21:32:34.94763
697b3b21-1b04-4290-a06e-333a84954601	8c910fd4-9582-4c74-863e-40f6bc168bc0	f18488fd-d485-4bcf-8f0f-0c2f3cfdb025	t	2025-11-01 21:32:34.948823	2025-11-01 21:32:34.948824
02dbceb2-e554-4fea-88dc-e36f8baf435b	8c910fd4-9582-4c74-863e-40f6bc168bc0	0ae22ab5-d3a0-4b3f-9b8d-ece4224f340a	t	2025-11-01 21:32:34.950128	2025-11-01 21:32:34.950128
38916614-773f-4947-bda5-b83e5b526eb7	8c910fd4-9582-4c74-863e-40f6bc168bc0	958f1430-f51c-43a0-871d-e10324151dbc	t	2025-11-01 21:32:34.951675	2025-11-01 21:32:34.951676
1bca5795-a4a9-470f-8067-70d63159248d	8c910fd4-9582-4c74-863e-40f6bc168bc0	de7929fd-181e-4cbd-b564-b9fd597779c9	t	2025-11-01 21:32:34.955778	2025-11-01 21:32:34.955779
9a665dab-9fb1-414c-bfc2-57f6aee40630	8c910fd4-9582-4c74-863e-40f6bc168bc0	b982f348-6db4-438a-b106-c74d69e87e2d	f	2025-11-01 21:32:34.957478	2025-11-01 21:32:34.957479
9217eaa6-3411-4efb-ad43-5f3d1434818b	8c910fd4-9582-4c74-863e-40f6bc168bc0	c976e410-ded4-4cc0-ab2f-53ee8abe2a4d	t	2025-11-01 21:32:34.959083	2025-11-01 21:32:34.959084
3eed3049-b89b-4008-8545-54fd61615430	8c910fd4-9582-4c74-863e-40f6bc168bc0	fb1a9540-a35f-4789-a917-888bc71c4e5b	f	2025-11-01 21:32:34.960527	2025-11-01 21:32:34.960528
0c5d2506-2275-46ff-a168-ec98e27b5634	8c910fd4-9582-4c74-863e-40f6bc168bc0	d3373e62-c862-48ad-9db6-4cf353621f7e	t	2025-11-01 21:32:34.962063	2025-11-01 21:32:34.962064
21661f2d-c30d-45ac-ada7-0406ce436f76	2061fd5e-1567-4c8d-87af-a240deb4f826	839f0f95-bd46-4565-b2bc-9c76f0eec536	t	2025-11-01 21:35:09.990707	2025-11-01 21:35:09.990715
c6b30097-c457-4012-9bf5-4cc45ae6fcba	2061fd5e-1567-4c8d-87af-a240deb4f826	638378af-a3a0-4010-96bd-a4fcdf49e841	t	2025-11-01 21:35:10.004963	2025-11-01 21:35:10.004966
676a1d0e-00dd-472b-b6e7-6798b0ab66f9	2061fd5e-1567-4c8d-87af-a240deb4f826	e22adc74-dbad-4a52-8822-d41df3c3a7d0	t	2025-11-01 21:35:10.007397	2025-11-01 21:35:10.007399
8f8f3f9d-6e9a-4676-ae00-6b45b1794da6	2061fd5e-1567-4c8d-87af-a240deb4f826	c98f7bfd-cbba-443e-941b-962dd6d40fed	t	2025-11-01 21:35:10.009458	2025-11-01 21:35:10.009459
e5661435-f6d5-4c03-b1bd-fb6727ac986d	2061fd5e-1567-4c8d-87af-a240deb4f826	d83f7d2d-2b57-40bd-80ad-23e4eb03b8a9	t	2025-11-01 21:35:10.011418	2025-11-01 21:35:10.011418
4de3d768-b666-4d74-befa-a0ca3ff0a61e	2061fd5e-1567-4c8d-87af-a240deb4f826	2f2fd4c0-7f94-45f7-8b48-0cbecd8e018c	t	2025-11-01 21:35:10.013435	2025-11-01 21:35:10.013436
a9557191-796b-4388-bb6f-fa50cfc018fa	2061fd5e-1567-4c8d-87af-a240deb4f826	b5b71c9b-a553-4db3-8a95-f0e9fc460a17	f	2025-11-01 21:35:10.01542	2025-11-01 21:35:10.015421
6c3a1a4b-70fe-458d-83a1-6ea244c6407e	2061fd5e-1567-4c8d-87af-a240deb4f826	f18488fd-d485-4bcf-8f0f-0c2f3cfdb025	f	2025-11-01 21:35:10.017674	2025-11-01 21:35:10.017678
31a46614-618a-43c7-8809-8415d2ac7b26	2061fd5e-1567-4c8d-87af-a240deb4f826	0ae22ab5-d3a0-4b3f-9b8d-ece4224f340a	f	2025-11-01 21:35:10.019932	2025-11-01 21:35:10.019935
387261f1-c4e2-4f94-82b2-1c3831d36288	2061fd5e-1567-4c8d-87af-a240deb4f826	958f1430-f51c-43a0-871d-e10324151dbc	f	2025-11-01 21:35:10.023956	2025-11-01 21:35:10.023961
0b4cc5aa-7601-4f14-94d8-5b96ed96b201	2061fd5e-1567-4c8d-87af-a240deb4f826	de7929fd-181e-4cbd-b564-b9fd597779c9	t	2025-11-01 21:35:10.026688	2025-11-01 21:35:10.02669
d727d165-2970-4599-ab84-cdc719c71381	2061fd5e-1567-4c8d-87af-a240deb4f826	b982f348-6db4-438a-b106-c74d69e87e2d	f	2025-11-01 21:35:10.028728	2025-11-01 21:35:10.02873
93eee515-dcf8-4043-a6f3-6fca211b81d4	2061fd5e-1567-4c8d-87af-a240deb4f826	c976e410-ded4-4cc0-ab2f-53ee8abe2a4d	t	2025-11-01 21:35:10.034098	2025-11-01 21:35:10.034103
f484bceb-5042-4f33-a9d2-67c5dd94daaf	2061fd5e-1567-4c8d-87af-a240deb4f826	fb1a9540-a35f-4789-a917-888bc71c4e5b	t	2025-11-01 21:35:10.0376	2025-11-01 21:35:10.037602
c39dddf7-4c67-4af2-ac11-9aa115f1c39d	2061fd5e-1567-4c8d-87af-a240deb4f826	d3373e62-c862-48ad-9db6-4cf353621f7e	f	2025-11-01 21:35:10.040218	2025-11-01 21:35:10.04022
f008b9d8-3add-482c-9994-973983867a20	6514c434-5c57-4efc-b9f9-710aa9fe061e	839f0f95-bd46-4565-b2bc-9c76f0eec536	t	2025-11-01 21:37:55.902549	2025-11-01 21:37:55.902552
a077cdaf-d0e1-466f-85f1-385cf5a74146	6514c434-5c57-4efc-b9f9-710aa9fe061e	638378af-a3a0-4010-96bd-a4fcdf49e841	t	2025-11-01 21:37:55.91711	2025-11-01 21:37:55.917113
3462a671-9fd8-43df-bc6f-4cca937cafc3	6514c434-5c57-4efc-b9f9-710aa9fe061e	e22adc74-dbad-4a52-8822-d41df3c3a7d0	t	2025-11-01 21:37:55.919317	2025-11-01 21:37:55.919319
21775da6-796a-4d7d-8845-d12f19be7839	6514c434-5c57-4efc-b9f9-710aa9fe061e	c98f7bfd-cbba-443e-941b-962dd6d40fed	t	2025-11-01 21:37:55.921127	2025-11-01 21:37:55.921128
4c145cb9-db51-43f1-9373-a42409748ed5	6514c434-5c57-4efc-b9f9-710aa9fe061e	d83f7d2d-2b57-40bd-80ad-23e4eb03b8a9	t	2025-11-01 21:37:55.922967	2025-11-01 21:37:55.922969
86319fb6-328b-410a-b03a-a1043ce70e35	6514c434-5c57-4efc-b9f9-710aa9fe061e	2f2fd4c0-7f94-45f7-8b48-0cbecd8e018c	t	2025-11-01 21:37:55.924606	2025-11-01 21:37:55.924607
25b182d9-b82c-4dba-bc7a-7beda6b86e98	6514c434-5c57-4efc-b9f9-710aa9fe061e	b5b71c9b-a553-4db3-8a95-f0e9fc460a17	f	2025-11-01 21:37:55.926226	2025-11-01 21:37:55.926227
78a7ff9e-e357-4ec0-a92b-dd727c20402e	6514c434-5c57-4efc-b9f9-710aa9fe061e	f18488fd-d485-4bcf-8f0f-0c2f3cfdb025	t	2025-11-01 21:37:55.927811	2025-11-01 21:37:55.927812
0f9fc9c8-6845-4a40-a1b4-739ec91c2974	6514c434-5c57-4efc-b9f9-710aa9fe061e	0ae22ab5-d3a0-4b3f-9b8d-ece4224f340a	t	2025-11-01 21:37:55.929701	2025-11-01 21:37:55.929702
f98e4ce1-dc3f-4964-acc6-b29950069d9f	6514c434-5c57-4efc-b9f9-710aa9fe061e	958f1430-f51c-43a0-871d-e10324151dbc	t	2025-11-01 21:37:55.931468	2025-11-01 21:37:55.931469
50379587-a148-477f-a9df-a200e2336319	6514c434-5c57-4efc-b9f9-710aa9fe061e	de7929fd-181e-4cbd-b564-b9fd597779c9	t	2025-11-01 21:37:55.933454	2025-11-01 21:37:55.933455
2e966220-914c-4ac5-a8f5-237a343eb950	6514c434-5c57-4efc-b9f9-710aa9fe061e	b982f348-6db4-438a-b106-c74d69e87e2d	t	2025-11-01 21:37:55.93554	2025-11-01 21:37:55.935542
b4aaa73b-648b-49f4-92bf-4f78cbb75769	6514c434-5c57-4efc-b9f9-710aa9fe061e	c976e410-ded4-4cc0-ab2f-53ee8abe2a4d	t	2025-11-01 21:37:55.938357	2025-11-01 21:37:55.93836
a10be853-5e57-4fce-8c47-d8359d16fe5d	6514c434-5c57-4efc-b9f9-710aa9fe061e	fb1a9540-a35f-4789-a917-888bc71c4e5b	t	2025-11-01 21:37:55.940255	2025-11-01 21:37:55.940256
2e9b85a1-f5df-4b37-831c-b9cfd071545f	6514c434-5c57-4efc-b9f9-710aa9fe061e	d3373e62-c862-48ad-9db6-4cf353621f7e	f	2025-11-01 21:37:55.941857	2025-11-01 21:37:55.941858
2eda2e91-3c3f-48bd-9946-80b5ca8a853e	de2e7706-10ec-42a7-b94f-e8ac29f7fbe1	839f0f95-bd46-4565-b2bc-9c76f0eec536	t	2025-11-01 21:39:52.626751	2025-11-01 21:39:52.626755
815f28d4-0b8d-499d-965b-4f88b53f385d	de2e7706-10ec-42a7-b94f-e8ac29f7fbe1	638378af-a3a0-4010-96bd-a4fcdf49e841	t	2025-11-01 21:39:52.63929	2025-11-01 21:39:52.639293
f324000f-5b9a-4537-9a3b-491e04e2fb0b	de2e7706-10ec-42a7-b94f-e8ac29f7fbe1	e22adc74-dbad-4a52-8822-d41df3c3a7d0	t	2025-11-01 21:39:52.641503	2025-11-01 21:39:52.641504
13c483a1-87c9-4f94-b10f-b9681eccad4d	de2e7706-10ec-42a7-b94f-e8ac29f7fbe1	c98f7bfd-cbba-443e-941b-962dd6d40fed	t	2025-11-01 21:39:52.643281	2025-11-01 21:39:52.643282
cf542c35-721b-4230-960b-9f389dfdd185	de2e7706-10ec-42a7-b94f-e8ac29f7fbe1	d83f7d2d-2b57-40bd-80ad-23e4eb03b8a9	t	2025-11-01 21:39:52.645031	2025-11-01 21:39:52.645031
8de49b4a-0512-4d93-9c94-d0642fc3944b	de2e7706-10ec-42a7-b94f-e8ac29f7fbe1	2f2fd4c0-7f94-45f7-8b48-0cbecd8e018c	t	2025-11-01 21:39:52.646827	2025-11-01 21:39:52.646828
eef006a7-58c2-4883-aaec-6f3b1897b6a1	de2e7706-10ec-42a7-b94f-e8ac29f7fbe1	b5b71c9b-a553-4db3-8a95-f0e9fc460a17	f	2025-11-01 21:39:52.648601	2025-11-01 21:39:52.648601
966787ef-0dd3-43ce-810e-460287d6666d	de2e7706-10ec-42a7-b94f-e8ac29f7fbe1	f18488fd-d485-4bcf-8f0f-0c2f3cfdb025	f	2025-11-01 21:39:52.650308	2025-11-01 21:39:52.65031
f74a6e13-5f57-4df5-b0d5-3818420767ab	de2e7706-10ec-42a7-b94f-e8ac29f7fbe1	0ae22ab5-d3a0-4b3f-9b8d-ece4224f340a	f	2025-11-01 21:39:52.652191	2025-11-01 21:39:52.652193
0796cf79-b8e3-41b2-be3a-530d4cfe4d31	de2e7706-10ec-42a7-b94f-e8ac29f7fbe1	958f1430-f51c-43a0-871d-e10324151dbc	t	2025-11-01 21:39:52.655258	2025-11-01 21:39:52.655263
411d545e-4d91-4b1b-bb9f-2b71d15054ce	de2e7706-10ec-42a7-b94f-e8ac29f7fbe1	de7929fd-181e-4cbd-b564-b9fd597779c9	t	2025-11-01 21:39:52.657444	2025-11-01 21:39:52.657446
ff31d005-dbbb-4538-947b-bda06f9c3f16	de2e7706-10ec-42a7-b94f-e8ac29f7fbe1	b982f348-6db4-438a-b106-c74d69e87e2d	t	2025-11-01 21:39:52.660528	2025-11-01 21:39:52.66053
045398e9-052f-44ba-97cf-a6f124fc179e	de2e7706-10ec-42a7-b94f-e8ac29f7fbe1	c976e410-ded4-4cc0-ab2f-53ee8abe2a4d	t	2025-11-01 21:39:52.663016	2025-11-01 21:39:52.663018
58b9278d-8b82-45c1-b654-1a4c33ec2068	de2e7706-10ec-42a7-b94f-e8ac29f7fbe1	fb1a9540-a35f-4789-a917-888bc71c4e5b	t	2025-11-01 21:39:52.665085	2025-11-01 21:39:52.665086
3d93ed5e-9dd1-49f8-ae62-f611c7b7ee64	de2e7706-10ec-42a7-b94f-e8ac29f7fbe1	d3373e62-c862-48ad-9db6-4cf353621f7e	f	2025-11-01 21:39:52.667471	2025-11-01 21:39:52.667473
62cf69e8-c5a6-4afb-bf03-30bc01c92c46	0317af43-f94a-46e8-8f99-4b83d5227da2	839f0f95-bd46-4565-b2bc-9c76f0eec536	t	2025-11-01 21:46:25.317779	2025-11-01 21:46:25.317781
a2637b4e-22f7-468e-bc90-80f302a7b2df	0317af43-f94a-46e8-8f99-4b83d5227da2	638378af-a3a0-4010-96bd-a4fcdf49e841	t	2025-11-01 21:46:25.327646	2025-11-01 21:46:25.327647
57a9aa40-f702-4d89-b31b-dd909b7de8fd	0317af43-f94a-46e8-8f99-4b83d5227da2	e22adc74-dbad-4a52-8822-d41df3c3a7d0	t	2025-11-01 21:46:25.329605	2025-11-01 21:46:25.329606
1fe46893-99d5-4c61-abe5-390078cd7fb2	0317af43-f94a-46e8-8f99-4b83d5227da2	c98f7bfd-cbba-443e-941b-962dd6d40fed	t	2025-11-01 21:46:25.33162	2025-11-01 21:46:25.331621
a2098ac9-fd9c-4446-9085-d06b58279b0e	0317af43-f94a-46e8-8f99-4b83d5227da2	d83f7d2d-2b57-40bd-80ad-23e4eb03b8a9	t	2025-11-01 21:46:25.333077	2025-11-01 21:46:25.333078
a1a89a90-97b0-47bf-9aff-ff4aeb87d992	0317af43-f94a-46e8-8f99-4b83d5227da2	2f2fd4c0-7f94-45f7-8b48-0cbecd8e018c	t	2025-11-01 21:46:25.335193	2025-11-01 21:46:25.335193
a471cb16-683a-4a0b-b1c4-c0842ab28afe	0317af43-f94a-46e8-8f99-4b83d5227da2	b5b71c9b-a553-4db3-8a95-f0e9fc460a17	f	2025-11-01 21:46:25.336519	2025-11-01 21:46:25.336519
5b958855-bac9-4758-9b22-fa60f0bbbcac	0317af43-f94a-46e8-8f99-4b83d5227da2	f18488fd-d485-4bcf-8f0f-0c2f3cfdb025	f	2025-11-01 21:46:25.338295	2025-11-01 21:46:25.338297
fc40f978-a634-4c42-88b7-9b89cb9ffdf7	0317af43-f94a-46e8-8f99-4b83d5227da2	0ae22ab5-d3a0-4b3f-9b8d-ece4224f340a	f	2025-11-01 21:46:25.340087	2025-11-01 21:46:25.340088
60e9df03-50ac-48da-9e7b-6487025e1bb6	0317af43-f94a-46e8-8f99-4b83d5227da2	958f1430-f51c-43a0-871d-e10324151dbc	f	2025-11-01 21:46:25.341316	2025-11-01 21:46:25.341316
7907b751-3c83-4819-85f7-4b0e23d3a1da	0317af43-f94a-46e8-8f99-4b83d5227da2	de7929fd-181e-4cbd-b564-b9fd597779c9	t	2025-11-01 21:46:25.342958	2025-11-01 21:46:25.342958
e06a8e2d-9eb6-4664-9cba-05eee7ed3407	0317af43-f94a-46e8-8f99-4b83d5227da2	b982f348-6db4-438a-b106-c74d69e87e2d	f	2025-11-01 21:46:25.34453	2025-11-01 21:46:25.344531
641b494f-8b95-4ff7-9d28-897245964640	0317af43-f94a-46e8-8f99-4b83d5227da2	c976e410-ded4-4cc0-ab2f-53ee8abe2a4d	t	2025-11-01 21:46:25.346024	2025-11-01 21:46:25.346025
5b0334ee-cfff-435d-bbb4-dcdc1e3e6fd1	0317af43-f94a-46e8-8f99-4b83d5227da2	fb1a9540-a35f-4789-a917-888bc71c4e5b	t	2025-11-01 21:46:25.348242	2025-11-01 21:46:25.348243
1e293d1f-9368-4f3f-b6eb-1d6c190b93f2	0317af43-f94a-46e8-8f99-4b83d5227da2	d3373e62-c862-48ad-9db6-4cf353621f7e	f	2025-11-01 21:46:25.349529	2025-11-01 21:46:25.34953
ebb75806-64ca-4942-abd9-1bc7609b27c9	4a640ed2-2210-4f67-9e30-a4ad2230b334	839f0f95-bd46-4565-b2bc-9c76f0eec536	f	2025-11-01 21:48:31.301126	2025-11-01 21:48:31.30113
96bfaab2-1d50-4dec-8806-f04b0d7b57db	4a640ed2-2210-4f67-9e30-a4ad2230b334	638378af-a3a0-4010-96bd-a4fcdf49e841	t	2025-11-01 21:48:31.315474	2025-11-01 21:48:31.315477
8a18be7d-ca69-4ef4-8ed6-47acb3c7e05e	4a640ed2-2210-4f67-9e30-a4ad2230b334	e22adc74-dbad-4a52-8822-d41df3c3a7d0	t	2025-11-01 21:48:31.317758	2025-11-01 21:48:31.317759
57c48722-9f86-45ae-8d7b-5e7c7bf5513f	4a640ed2-2210-4f67-9e30-a4ad2230b334	c98f7bfd-cbba-443e-941b-962dd6d40fed	t	2025-11-01 21:48:31.319996	2025-11-01 21:48:31.319997
76f8bb91-f3a8-4234-b87b-bd7656f4002c	4a640ed2-2210-4f67-9e30-a4ad2230b334	d83f7d2d-2b57-40bd-80ad-23e4eb03b8a9	t	2025-11-01 21:48:31.322382	2025-11-01 21:48:31.322386
eeb341c5-5c55-43c9-9249-15eff637fd63	4a640ed2-2210-4f67-9e30-a4ad2230b334	2f2fd4c0-7f94-45f7-8b48-0cbecd8e018c	f	2025-11-01 21:48:31.324487	2025-11-01 21:48:31.324488
ff316fef-f673-4286-8089-476b0076e363	4a640ed2-2210-4f67-9e30-a4ad2230b334	b5b71c9b-a553-4db3-8a95-f0e9fc460a17	f	2025-11-01 21:48:31.326454	2025-11-01 21:48:31.326455
5a2e63ca-a55f-4f75-acd7-835a0d519f9e	4a640ed2-2210-4f67-9e30-a4ad2230b334	f18488fd-d485-4bcf-8f0f-0c2f3cfdb025	f	2025-11-01 21:48:31.328459	2025-11-01 21:48:31.32846
3dcd09d5-f98a-45c9-99f0-4a4b84a2360f	4a640ed2-2210-4f67-9e30-a4ad2230b334	0ae22ab5-d3a0-4b3f-9b8d-ece4224f340a	f	2025-11-01 21:48:31.330323	2025-11-01 21:48:31.330324
772fa382-b868-4bdc-a5a2-c90bec7ce50c	4a640ed2-2210-4f67-9e30-a4ad2230b334	958f1430-f51c-43a0-871d-e10324151dbc	f	2025-11-01 21:48:31.332329	2025-11-01 21:48:31.332332
638290e0-375f-4985-9218-9a4ba79ef7ac	4a640ed2-2210-4f67-9e30-a4ad2230b334	de7929fd-181e-4cbd-b564-b9fd597779c9	t	2025-11-01 21:48:31.334149	2025-11-01 21:48:31.33415
e71fb258-fafe-4060-9541-7ba930365f86	4a640ed2-2210-4f67-9e30-a4ad2230b334	b982f348-6db4-438a-b106-c74d69e87e2d	f	2025-11-01 21:48:31.335791	2025-11-01 21:48:31.335793
442d151f-6cb8-44d7-8477-9188bebcdb09	4a640ed2-2210-4f67-9e30-a4ad2230b334	c976e410-ded4-4cc0-ab2f-53ee8abe2a4d	t	2025-11-01 21:48:31.337421	2025-11-01 21:48:31.337423
0494705b-a501-4d50-b685-c6b73a0d1a86	4a640ed2-2210-4f67-9e30-a4ad2230b334	fb1a9540-a35f-4789-a917-888bc71c4e5b	t	2025-11-01 21:48:31.339047	2025-11-01 21:48:31.339048
b830be7f-4eac-44a8-acaf-b43b6fd8fb0c	4a640ed2-2210-4f67-9e30-a4ad2230b334	d3373e62-c862-48ad-9db6-4cf353621f7e	t	2025-11-01 21:48:31.34055	2025-11-01 21:48:31.340551
4aaee669-961a-4715-a665-71d027a331f3	bceff159-c377-4d6d-b161-b45138f48702	638378af-a3a0-4010-96bd-a4fcdf49e841	t	2025-11-14 10:27:10.24454	2025-11-14 10:27:10.244541
bdfe6134-2083-4119-bce4-3c80dbc1d0a7	bceff159-c377-4d6d-b161-b45138f48702	d83f7d2d-2b57-40bd-80ad-23e4eb03b8a9	t	2025-11-14 10:27:10.244542	2025-11-14 10:27:10.244542
e0be4889-5dd1-4efa-a9fe-76477406ce71	bceff159-c377-4d6d-b161-b45138f48702	c976e410-ded4-4cc0-ab2f-53ee8abe2a4d	t	2025-11-14 10:27:10.244542	2025-11-14 10:27:10.244542
77c0a956-87e3-4025-834d-3f14651a29bc	bceff159-c377-4d6d-b161-b45138f48702	587d93e7-16c3-4021-be70-8b481636dc0f	t	2025-11-14 10:27:10.244543	2025-11-14 10:27:10.244543
5c8bbf3c-1e6e-4f96-92f0-663e886ca93d	bceff159-c377-4d6d-b161-b45138f48702	b982f348-6db4-438a-b106-c74d69e87e2d	t	2025-11-14 10:27:10.244543	2025-11-14 10:27:10.244543
ba6a86ae-b3dc-459b-bcdd-9a62191ba3a4	bceff159-c377-4d6d-b161-b45138f48702	d3373e62-c862-48ad-9db6-4cf353621f7e	t	2025-11-14 10:27:10.244543	2025-11-14 10:27:10.244544
568556f9-7438-4019-905d-43c6cc819e7c	bceff159-c377-4d6d-b161-b45138f48702	de7929fd-181e-4cbd-b564-b9fd597779c9	t	2025-11-14 10:27:10.244544	2025-11-14 10:27:10.244544
da143886-3876-4d6a-be1d-8e5ba59598f7	bceff159-c377-4d6d-b161-b45138f48702	fb1a9540-a35f-4789-a917-888bc71c4e5b	t	2025-11-14 10:27:10.244544	2025-11-14 10:27:10.244544
87d71946-79b7-49ad-a19c-f495447ae5df	bceff159-c377-4d6d-b161-b45138f48702	e22adc74-dbad-4a52-8822-d41df3c3a7d0	t	2025-11-14 10:27:10.244544	2025-11-14 10:27:10.244545
c1aa4151-ebed-458d-a241-3b4eba07ac72	bceff159-c377-4d6d-b161-b45138f48702	839f0f95-bd46-4565-b2bc-9c76f0eec536	t	2025-11-14 10:27:10.244545	2025-11-14 10:27:10.244545
ded302dd-069e-4255-a861-505ccbdafe87	bceff159-c377-4d6d-b161-b45138f48702	2f2fd4c0-7f94-45f7-8b48-0cbecd8e018c	t	2025-11-14 10:27:10.244545	2025-11-14 10:27:10.244545
ee0d852b-7fbc-4a59-99c3-efddbd3720f0	bceff159-c377-4d6d-b161-b45138f48702	958f1430-f51c-43a0-871d-e10324151dbc	t	2025-11-14 10:27:10.244545	2025-11-14 10:27:10.244546
757427de-6b49-42fb-b64e-b512b5f48d33	bceff159-c377-4d6d-b161-b45138f48702	f18488fd-d485-4bcf-8f0f-0c2f3cfdb025	t	2025-11-14 10:27:10.244546	2025-11-14 10:27:10.244546
cb004618-0301-4b00-bce6-478e5266bc15	bceff159-c377-4d6d-b161-b45138f48702	c98f7bfd-cbba-443e-941b-962dd6d40fed	f	2025-11-14 10:51:00.505319	2025-11-14 10:51:00.505319
55d9946c-1248-43dc-a2df-244b49126f40	bceff159-c377-4d6d-b161-b45138f48702	0ae22ab5-d3a0-4b3f-9b8d-ece4224f340a	f	2025-11-14 10:51:00.505319	2025-11-14 10:51:00.505319
71afabf2-7481-4215-823b-c45ca1306369	4a640ed2-2210-4f67-9e30-a4ad2230b334	587d93e7-16c3-4021-be70-8b481636dc0f	t	2025-11-14 11:02:04.988649	2025-11-14 11:02:04.988649
234d6fa9-a609-4a68-8282-5f666a9c798f	4a640ed2-2210-4f67-9e30-a4ad2230b334	877347bd-6025-4aa6-ae3e-afdf6376b503	t	2025-11-14 11:02:04.988649	2025-11-14 11:02:04.988649
52261cb3-e73a-4f20-a0de-dc473152d0c4	4a640ed2-2210-4f67-9e30-a4ad2230b334	8496795e-a44d-4a5c-8dd1-8404fa4ff555	t	2025-11-14 11:02:04.988649	2025-11-14 11:02:04.988649
8c479408-bba3-4943-b507-e65049b7c420	0317af43-f94a-46e8-8f99-4b83d5227da2	877347bd-6025-4aa6-ae3e-afdf6376b503	t	2025-11-14 11:06:09.217678	2025-11-14 11:06:09.217678
4f4778bb-6e65-4baf-9d65-2ec02c0914ee	7712a21a-7fc7-4f07-bfbd-fea814175b7c	71132191-d659-475e-a74e-4a241e1d8146	t	2025-11-14 11:13:23.98319	2025-11-14 11:13:23.983192
601cf975-59bc-4462-9605-407367030bc7	7712a21a-7fc7-4f07-bfbd-fea814175b7c	034c7caa-ad2f-4e20-b53c-dca203245606	t	2025-11-14 11:13:23.985552	2025-11-14 11:13:23.985552
f185ab4f-14e5-4795-b67c-35db799a4fae	7712a21a-7fc7-4f07-bfbd-fea814175b7c	877347bd-6025-4aa6-ae3e-afdf6376b503	t	2025-11-14 11:13:23.98676	2025-11-14 11:13:23.98676
aab1ae8e-0357-4fe0-941c-8a8a904f4b55	e940f144-fd5a-4cf4-b348-decd293ccd1e	587d93e7-16c3-4021-be70-8b481636dc0f	t	2025-11-14 11:13:23.987701	2025-11-14 11:13:23.987702
e8a383cf-2a69-4c38-a685-551e2bcbb006	e940f144-fd5a-4cf4-b348-decd293ccd1e	d171c377-4bc6-4d28-973d-68343b373b58	t	2025-11-14 11:13:23.988539	2025-11-14 11:13:23.988539
80db8232-8f18-4b77-a9c0-40629aa790be	e940f144-fd5a-4cf4-b348-decd293ccd1e	719a45cc-f620-46ec-8996-52c08ccb015d	t	2025-11-14 11:13:23.989306	2025-11-14 11:13:23.989307
69eabd80-8f1d-4ec0-9373-8fb1964d1afb	e940f144-fd5a-4cf4-b348-decd293ccd1e	8496795e-a44d-4a5c-8dd1-8404fa4ff555	t	2025-11-14 11:13:23.990112	2025-11-14 11:13:23.990113
9581acee-1fe3-4f89-bf56-aaa2b22fdd5d	3b9359ce-9703-40ba-b24c-4890af8e64e7	71132191-d659-475e-a74e-4a241e1d8146	t	2025-11-14 11:13:23.990899	2025-11-14 11:13:23.9909
30f73891-8aa0-4641-84c6-0d905c7994da	8c910fd4-9582-4c74-863e-40f6bc168bc0	4326b42b-cf7b-4671-bf7a-f4229d7344b3	t	2025-11-14 11:13:23.991691	2025-11-14 11:13:23.991691
48fef27a-555e-421f-8eed-e551563b33a4	8c910fd4-9582-4c74-863e-40f6bc168bc0	9e1eae73-0ce2-48c9-9b24-268ae4645ed5	t	2025-11-14 11:13:23.992568	2025-11-14 11:13:23.992568
2fddd91e-b8b9-4f05-be8c-1a434938a29b	8c910fd4-9582-4c74-863e-40f6bc168bc0	8496795e-a44d-4a5c-8dd1-8404fa4ff555	t	2025-11-14 11:13:23.993362	2025-11-14 11:13:23.993362
61318b94-d465-4359-9c22-729f08b6545e	2061fd5e-1567-4c8d-87af-a240deb4f826	587d93e7-16c3-4021-be70-8b481636dc0f	t	2025-11-14 11:13:23.994224	2025-11-14 11:13:23.994224
57f8c6e3-f0e7-4832-b681-bace4aa9673a	2061fd5e-1567-4c8d-87af-a240deb4f826	4326b42b-cf7b-4671-bf7a-f4229d7344b3	t	2025-11-14 11:13:23.994988	2025-11-14 11:13:23.994988
cad2ca52-e178-47bb-9220-1e0b632a70f9	2061fd5e-1567-4c8d-87af-a240deb4f826	f35e24e8-b959-4c58-a22d-24dbd8b3f81c	t	2025-11-14 11:13:23.995805	2025-11-14 11:13:23.995806
fa98687a-a4ae-4488-8183-c0198c61a768	6514c434-5c57-4efc-b9f9-710aa9fe061e	8496795e-a44d-4a5c-8dd1-8404fa4ff555	t	2025-11-14 11:13:23.996605	2025-11-14 11:13:23.996605
b1499038-90bd-4aa6-9dae-e97caeb52f9e	de2e7706-10ec-42a7-b94f-e8ac29f7fbe1	034c7caa-ad2f-4e20-b53c-dca203245606	t	2025-11-14 11:13:23.997416	2025-11-14 11:13:23.997416
6783e3e5-8752-469b-ac6e-261cb3cee0fc	de2e7706-10ec-42a7-b94f-e8ac29f7fbe1	877347bd-6025-4aa6-ae3e-afdf6376b503	t	2025-11-14 11:13:23.998838	2025-11-14 11:13:23.998838
d12045fe-68d8-4fb4-b181-537a41814256	de2e7706-10ec-42a7-b94f-e8ac29f7fbe1	ac73c184-e192-4aef-9960-40e2d6a9fa5e	t	2025-11-14 11:13:23.99957	2025-11-14 11:13:23.99957
\.


--
-- Data for Name: match_results; Type: TABLE DATA; Schema: public; Owner: futsal_user
--

COPY public.match_results (id, match_id, team_a_id, team_b_id, team_a_score, team_b_score, winning_team_id, result_type, recorded_at, created_at, updated_at) FROM stdin;
4983a7e9-e82c-4e39-b85d-e07be8dee35d	7712a21a-7fc7-4f07-bfbd-fea814175b7c	eafa770a-8ac9-4025-b579-a0314bbd1a97	1ab3ea1a-c81d-4423-9f04-167981168861	6	6	\N	DRAW	2025-11-01 22:23:42.378374	2025-11-01 21:23:42.381437	2025-11-01 21:23:42.381442
7b93c424-76ac-4dce-89f0-57cf1b459920	e940f144-fd5a-4cf4-b348-decd293ccd1e	fe361d58-3493-4f98-91fa-90b519eb7e58	114221e1-0217-4a2c-8402-0f366919c8fd	5	8	114221e1-0217-4a2c-8402-0f366919c8fd	WIN	2025-11-01 22:27:43.301813	2025-11-01 21:27:43.305214	2025-11-01 21:27:43.305219
075bbb4d-3315-4c86-b9fc-b76edb440afe	3b9359ce-9703-40ba-b24c-4890af8e64e7	f5d89f13-97ba-4fdc-a181-c8a4b6f21e94	7573d1ca-36df-40f9-9261-7713ec286b72	6	7	7573d1ca-36df-40f9-9261-7713ec286b72	WIN	2025-11-01 22:30:00.269314	2025-11-01 21:30:00.272644	2025-11-01 21:30:00.27265
2c9e665b-40d2-4433-be3e-92a9920bc3b8	8c910fd4-9582-4c74-863e-40f6bc168bc0	3e90ffab-57e8-4e72-9a7a-f72cbfc9ba69	53d88b18-430f-4823-8387-7e537b296bde	8	5	3e90ffab-57e8-4e72-9a7a-f72cbfc9ba69	WIN	2025-11-01 22:32:49.321337	2025-11-01 21:32:49.324188	2025-11-01 21:32:49.324193
c4dac2ed-ac69-4be7-a482-4e97a4fea9ba	2061fd5e-1567-4c8d-87af-a240deb4f826	24f236f5-2fc7-48ec-b8c6-73d3cafc9b0d	91e02f49-5329-4554-9393-5c8d30c1640b	9	5	24f236f5-2fc7-48ec-b8c6-73d3cafc9b0d	WIN	2025-11-01 22:35:26.482607	2025-11-01 21:35:26.486276	2025-11-01 21:35:26.486281
08cd9891-5bfc-4d63-8c31-4c688512fdc3	6514c434-5c57-4efc-b9f9-710aa9fe061e	cd847220-bfca-4761-a321-2fbbafa38e06	3e989c42-47d9-4e74-99f2-bd61549619c4	10	7	cd847220-bfca-4761-a321-2fbbafa38e06	WIN	2025-11-01 22:38:08.47193	2025-11-01 21:38:08.475993	2025-11-01 21:38:08.475997
e0190872-0c67-4dc4-9d16-3ef87bca029c	de2e7706-10ec-42a7-b94f-e8ac29f7fbe1	b5321620-7ab9-4b40-a174-e3f3bc5e10e2	9fded2b1-6747-40e5-9ef6-ac9f472277a4	10	10	\N	DRAW	2025-11-01 22:40:07.541335	2025-11-01 21:40:07.545021	2025-11-01 21:40:07.545026
b67f7d9f-dd42-4422-ab8e-ee5c0f35988b	0317af43-f94a-46e8-8f99-4b83d5227da2	a0b35643-7af6-4cc9-a78d-c6d682eefa93	f95a51fa-849a-4f04-a940-908eef1b5b21	9	9	\N	DRAW	2025-11-01 22:46:39.893781	2025-11-01 21:46:39.897291	2025-11-01 21:46:39.897297
cb1b871c-dee4-4ff9-84bd-7d38ae30c1e8	4a640ed2-2210-4f67-9e30-a4ad2230b334	e35eda2e-1dc1-4119-a0a9-9cbba53dfac2	03d8eb93-2b45-4637-8e78-4871e64ea882	8	3	e35eda2e-1dc1-4119-a0a9-9cbba53dfac2	WIN	2025-11-01 22:48:50.034544	2025-11-01 21:48:50.038385	2025-11-01 21:48:50.038389
5544e2e1-2d51-443b-9b99-2ee125c5e07a	bceff159-c377-4d6d-b161-b45138f48702	7ab5f431-2ba4-41c1-9741-fe0663609710	a11b48a1-7419-48ad-b8f2-4a140e736ef1	5	1	7ab5f431-2ba4-41c1-9741-fe0663609710	WIN	2025-11-14 11:22:08.6287	2025-11-14 11:22:08.628707	2025-11-14 11:22:08.628708
\.


--
-- Data for Name: matches; Type: TABLE DATA; Schema: public; Owner: futsal_user
--

COPY public.matches (id, season_id, match_date, status, rsvp_deadline, location, notes, created_at, updated_at, match_week) FROM stdin;
7712a21a-7fc7-4f07-bfbd-fea814175b7c	f16413de-819b-4c68-b591-7ed59f852bbe	2025-09-03 00:00:00	COMPLETED	\N	\N	\N	2025-11-01 21:23:17.916785	2025-11-01 21:23:17.916801	1
e940f144-fd5a-4cf4-b348-decd293ccd1e	f16413de-819b-4c68-b591-7ed59f852bbe	2025-09-10 00:00:00	COMPLETED	\N	\N	\N	2025-11-01 21:27:14.554616	2025-11-01 21:27:14.554741	2
3b9359ce-9703-40ba-b24c-4890af8e64e7	f16413de-819b-4c68-b591-7ed59f852bbe	2025-09-17 00:00:00	COMPLETED	\N	\N	\N	2025-11-01 21:29:44.861399	2025-11-01 21:29:44.861412	3
8c910fd4-9582-4c74-863e-40f6bc168bc0	f16413de-819b-4c68-b591-7ed59f852bbe	2025-09-24 00:00:00	COMPLETED	\N	\N	\N	2025-11-01 21:32:34.879065	2025-11-01 21:32:34.879104	4
2061fd5e-1567-4c8d-87af-a240deb4f826	f16413de-819b-4c68-b591-7ed59f852bbe	2025-10-01 00:00:00	COMPLETED	\N	\N	\N	2025-11-01 21:35:09.943831	2025-11-01 21:35:09.943855	5
6514c434-5c57-4efc-b9f9-710aa9fe061e	f16413de-819b-4c68-b591-7ed59f852bbe	2025-10-08 00:00:00	COMPLETED	\N	\N	\N	2025-11-01 21:37:55.851163	2025-11-01 21:37:55.851201	6
de2e7706-10ec-42a7-b94f-e8ac29f7fbe1	f16413de-819b-4c68-b591-7ed59f852bbe	2025-10-15 00:00:00	COMPLETED	\N	\N	\N	2025-11-01 21:39:52.583596	2025-11-01 21:39:52.583613	7
0317af43-f94a-46e8-8f99-4b83d5227da2	f16413de-819b-4c68-b591-7ed59f852bbe	2025-10-22 00:00:00	COMPLETED	\N	\N	\N	2025-11-01 21:46:25.275271	2025-11-01 21:46:25.275345	8
4a640ed2-2210-4f67-9e30-a4ad2230b334	f16413de-819b-4c68-b591-7ed59f852bbe	2025-10-29 00:00:00	COMPLETED	\N	\N	\N	2025-11-01 21:48:31.250348	2025-11-01 21:48:31.250387	9
bceff159-c377-4d6d-b161-b45138f48702	f16413de-819b-4c68-b591-7ed59f852bbe	2025-11-12 20:00:00	COMPLETED	\N	\N	\N	2025-11-12 07:40:54.640702	2025-11-12 07:40:54.640715	10
\.


--
-- Data for Name: player_match_ratings; Type: TABLE DATA; Schema: public; Owner: futsal_user
--

COPY public.player_match_ratings (id, player_id, match_id, season_id, match_number, match_date, attended_match, attended_third_time, match_result, team_average_rating, opponent_average_rating, rating_before, rating_after, rating_change, elo_k_factor, attendance_bonus, third_time_bonus, non_attendance_penalty, calculated_at, created_at) FROM stdin;
9c78ce92-16db-427d-9008-dfbb7046ad0f	0ae22ab5-d3a0-4b3f-9b8d-ece4224f340a	7712a21a-7fc7-4f07-bfbd-fea814175b7c	f16413de-819b-4c68-b591-7ed59f852bbe	1	2025-09-03 00:00:00	f	f	DID_NOT_ATTEND	\N	\N	3	3	0	0.5	0	0	0	2025-11-14 16:11:28.513651	2025-11-14 16:11:28.543087
f0a81b0b-7872-4cd7-8ea8-06c5420871dd	d3373e62-c862-48ad-9db6-4cf353621f7e	7712a21a-7fc7-4f07-bfbd-fea814175b7c	f16413de-819b-4c68-b591-7ed59f852bbe	1	2025-09-03 00:00:00	t	t	DRAW	3	3	3	3	0	0.5	0	0	0	2025-11-14 16:11:28.51642	2025-11-14 16:11:28.54309
8ef42f5e-8577-4d48-a528-8afeb61d6a02	e22adc74-dbad-4a52-8822-d41df3c3a7d0	7712a21a-7fc7-4f07-bfbd-fea814175b7c	f16413de-819b-4c68-b591-7ed59f852bbe	1	2025-09-03 00:00:00	t	f	DRAW	3	3	3	3	0	0.5	0	0	0	2025-11-14 16:11:28.518965	2025-11-14 16:11:28.543093
f4317a86-1457-4853-9f50-63507b0c9f81	958f1430-f51c-43a0-871d-e10324151dbc	7712a21a-7fc7-4f07-bfbd-fea814175b7c	f16413de-819b-4c68-b591-7ed59f852bbe	1	2025-09-03 00:00:00	t	f	DRAW	3	3	3	3	0	0.5	0	0	0	2025-11-14 16:11:28.521065	2025-11-14 16:11:28.543095
916f9a04-ce29-46a8-ac6a-9afcd3b3f503	c98f7bfd-cbba-443e-941b-962dd6d40fed	7712a21a-7fc7-4f07-bfbd-fea814175b7c	f16413de-819b-4c68-b591-7ed59f852bbe	1	2025-09-03 00:00:00	f	f	DID_NOT_ATTEND	\N	\N	3	3	0	0.5	0	0	0	2025-11-14 16:11:28.523102	2025-11-14 16:11:28.543098
4913656d-1b80-44d4-b2d6-906a90a3d97e	839f0f95-bd46-4565-b2bc-9c76f0eec536	7712a21a-7fc7-4f07-bfbd-fea814175b7c	f16413de-819b-4c68-b591-7ed59f852bbe	1	2025-09-03 00:00:00	t	t	DRAW	3	3	3	3	0	0.5	0	0	0	2025-11-14 16:11:28.525163	2025-11-14 16:11:28.543101
08ab555b-dc36-428f-ad2a-d07d38351526	de7929fd-181e-4cbd-b564-b9fd597779c9	7712a21a-7fc7-4f07-bfbd-fea814175b7c	f16413de-819b-4c68-b591-7ed59f852bbe	1	2025-09-03 00:00:00	f	f	DID_NOT_ATTEND	\N	\N	3	3	0	0.5	0	0	0	2025-11-14 16:11:28.52722	2025-11-14 16:11:28.543103
3ad97c5f-b1d9-461d-b85c-0cc8e319866a	d83f7d2d-2b57-40bd-80ad-23e4eb03b8a9	7712a21a-7fc7-4f07-bfbd-fea814175b7c	f16413de-819b-4c68-b591-7ed59f852bbe	1	2025-09-03 00:00:00	f	f	DID_NOT_ATTEND	\N	\N	3	3	0	0.5	0	0	0	2025-11-14 16:11:28.529361	2025-11-14 16:11:28.543106
231a6870-bb23-4fe5-b8f0-589781b65860	b982f348-6db4-438a-b106-c74d69e87e2d	7712a21a-7fc7-4f07-bfbd-fea814175b7c	f16413de-819b-4c68-b591-7ed59f852bbe	1	2025-09-03 00:00:00	t	t	DRAW	3	3	3	3	0	0.5	0	0	0	2025-11-14 16:11:28.531435	2025-11-14 16:11:28.543108
ee2ffcef-9cbb-4256-96af-8ef3cc091440	c976e410-ded4-4cc0-ab2f-53ee8abe2a4d	7712a21a-7fc7-4f07-bfbd-fea814175b7c	f16413de-819b-4c68-b591-7ed59f852bbe	1	2025-09-03 00:00:00	t	t	DRAW	3	3	3	3	0	0.5	0	0	0	2025-11-14 16:11:28.533495	2025-11-14 16:11:28.543111
b29615ab-1413-4eeb-b889-0a41684e28f1	fb1a9540-a35f-4789-a917-888bc71c4e5b	7712a21a-7fc7-4f07-bfbd-fea814175b7c	f16413de-819b-4c68-b591-7ed59f852bbe	1	2025-09-03 00:00:00	t	t	DRAW	3	3	3	3	0	0.5	0	0	0	2025-11-14 16:11:28.535527	2025-11-14 16:11:28.543113
e0ff0bf3-b1d5-4dc3-8cc0-b251b1d04275	f18488fd-d485-4bcf-8f0f-0c2f3cfdb025	7712a21a-7fc7-4f07-bfbd-fea814175b7c	f16413de-819b-4c68-b591-7ed59f852bbe	1	2025-09-03 00:00:00	f	f	DID_NOT_ATTEND	\N	\N	3	3	0	0.5	0	0	0	2025-11-14 16:11:28.537791	2025-11-14 16:11:28.543116
491677d7-a644-4307-aeeb-eac50e5a16f5	638378af-a3a0-4010-96bd-a4fcdf49e841	7712a21a-7fc7-4f07-bfbd-fea814175b7c	f16413de-819b-4c68-b591-7ed59f852bbe	1	2025-09-03 00:00:00	t	t	DRAW	3	3	3	3	0	0.5	0	0	0	2025-11-14 16:11:28.539634	2025-11-14 16:11:28.543118
3c3f8438-19e2-4b07-a1e3-2a04f338b168	2f2fd4c0-7f94-45f7-8b48-0cbecd8e018c	7712a21a-7fc7-4f07-bfbd-fea814175b7c	f16413de-819b-4c68-b591-7ed59f852bbe	1	2025-09-03 00:00:00	t	f	DRAW	3	3	3	3	0	0.5	0	0	0	2025-11-14 16:11:28.541516	2025-11-14 16:11:28.543121
46d96536-d1e3-4e98-bd96-c2a0d1cb85e1	0ae22ab5-d3a0-4b3f-9b8d-ece4224f340a	e940f144-fd5a-4cf4-b348-decd293ccd1e	f16413de-819b-4c68-b591-7ed59f852bbe	2	2025-09-10 00:00:00	f	f	DID_NOT_ATTEND	\N	\N	3	3	0	0.5	0	0	0	2025-11-18 17:35:32.743188	2025-11-18 17:35:32.796401
00751420-5f7c-4631-ae47-fd7a1864247f	d3373e62-c862-48ad-9db6-4cf353621f7e	e940f144-fd5a-4cf4-b348-decd293ccd1e	f16413de-819b-4c68-b591-7ed59f852bbe	2	2025-09-10 00:00:00	t	t	LOSS	3	3	3	3	0	0.5	0	0	0	2025-11-18 17:35:32.756887	2025-11-18 17:35:32.796406
57e5d579-e7bb-4b5d-b2d3-6f0fbf01ab9e	e22adc74-dbad-4a52-8822-d41df3c3a7d0	e940f144-fd5a-4cf4-b348-decd293ccd1e	f16413de-819b-4c68-b591-7ed59f852bbe	2	2025-09-10 00:00:00	t	t	WIN	3	3	3	3	0	0.5	0	0	0	2025-11-18 17:35:32.766179	2025-11-18 17:35:32.796409
ce1ee382-ee2c-482d-bc9e-edb47361b31d	958f1430-f51c-43a0-871d-e10324151dbc	e940f144-fd5a-4cf4-b348-decd293ccd1e	f16413de-819b-4c68-b591-7ed59f852bbe	2	2025-09-10 00:00:00	f	f	DID_NOT_ATTEND	\N	\N	3	3	0	0.5	0	0	0	2025-11-18 17:35:32.76852	2025-11-18 17:35:32.796412
ab85a428-5ca0-4c5e-a701-d847d7f1ad8d	c98f7bfd-cbba-443e-941b-962dd6d40fed	e940f144-fd5a-4cf4-b348-decd293ccd1e	f16413de-819b-4c68-b591-7ed59f852bbe	2	2025-09-10 00:00:00	t	f	WIN	3	3	3	3	0	0.5	0	0	0	2025-11-18 17:35:32.770541	2025-11-18 17:35:32.796414
041f5a52-c85a-4383-b13c-fc0a3e52e3c5	839f0f95-bd46-4565-b2bc-9c76f0eec536	e940f144-fd5a-4cf4-b348-decd293ccd1e	f16413de-819b-4c68-b591-7ed59f852bbe	2	2025-09-10 00:00:00	f	f	DID_NOT_ATTEND	\N	\N	3	3	0	0.5	0	0	0	2025-11-18 17:35:32.775613	2025-11-18 17:35:32.796417
629bb53a-8b11-4488-b8ad-2ed96e51e222	de7929fd-181e-4cbd-b564-b9fd597779c9	e940f144-fd5a-4cf4-b348-decd293ccd1e	f16413de-819b-4c68-b591-7ed59f852bbe	2	2025-09-10 00:00:00	t	f	WIN	3	3	3	3	0	0.5	0	0	0	2025-11-18 17:35:32.77953	2025-11-18 17:35:32.79642
c4f20c26-19e6-4aca-8974-3b8c4c74edfc	d83f7d2d-2b57-40bd-80ad-23e4eb03b8a9	e940f144-fd5a-4cf4-b348-decd293ccd1e	f16413de-819b-4c68-b591-7ed59f852bbe	2	2025-09-10 00:00:00	f	f	DID_NOT_ATTEND	\N	\N	3	3	0	0.5	0	0	0	2025-11-18 17:35:32.781737	2025-11-18 17:35:32.796423
b6ab88ec-26d1-49f7-9198-20fe6e77b491	b982f348-6db4-438a-b106-c74d69e87e2d	e940f144-fd5a-4cf4-b348-decd293ccd1e	f16413de-819b-4c68-b591-7ed59f852bbe	2	2025-09-10 00:00:00	t	t	WIN	3	3	3	3	0	0.5	0	0	0	2025-11-18 17:35:32.783367	2025-11-18 17:35:32.796426
bca6001f-6d23-4f53-bc4f-166e41d75269	c976e410-ded4-4cc0-ab2f-53ee8abe2a4d	e940f144-fd5a-4cf4-b348-decd293ccd1e	f16413de-819b-4c68-b591-7ed59f852bbe	2	2025-09-10 00:00:00	t	f	LOSS	3	3	3	3	0	0.5	0	0	0	2025-11-18 17:35:32.785219	2025-11-18 17:35:32.796428
4e25a2a8-73e6-4d27-bd7a-0fd67dd0f875	fb1a9540-a35f-4789-a917-888bc71c4e5b	e940f144-fd5a-4cf4-b348-decd293ccd1e	f16413de-819b-4c68-b591-7ed59f852bbe	2	2025-09-10 00:00:00	t	t	LOSS	3	3	3	3	0	0.5	0	0	0	2025-11-18 17:35:32.787295	2025-11-18 17:35:32.796431
51635ab9-9bfe-4b38-9f6b-1c3a1b91f31c	f18488fd-d485-4bcf-8f0f-0c2f3cfdb025	e940f144-fd5a-4cf4-b348-decd293ccd1e	f16413de-819b-4c68-b591-7ed59f852bbe	2	2025-09-10 00:00:00	f	f	DID_NOT_ATTEND	\N	\N	3	3	0	0.5	0	0	0	2025-11-18 17:35:32.788961	2025-11-18 17:35:32.796433
f1359e73-404c-463a-8c48-ce093a7b819c	638378af-a3a0-4010-96bd-a4fcdf49e841	e940f144-fd5a-4cf4-b348-decd293ccd1e	f16413de-819b-4c68-b591-7ed59f852bbe	2	2025-09-10 00:00:00	t	t	LOSS	3	3	3	3	0	0.5	0	0	0	2025-11-18 17:35:32.791805	2025-11-18 17:35:32.796436
743d3879-2b60-4b3d-9627-558fc1a02b09	2f2fd4c0-7f94-45f7-8b48-0cbecd8e018c	e940f144-fd5a-4cf4-b348-decd293ccd1e	f16413de-819b-4c68-b591-7ed59f852bbe	2	2025-09-10 00:00:00	f	f	DID_NOT_ATTEND	\N	\N	3	3	0	0.5	0	0	0	2025-11-18 17:35:32.793735	2025-11-18 17:35:32.796438
d7c805cf-a890-4a1d-afc1-acfbddaa27a5	0ae22ab5-d3a0-4b3f-9b8d-ece4224f340a	3b9359ce-9703-40ba-b24c-4890af8e64e7	f16413de-819b-4c68-b591-7ed59f852bbe	3	2025-09-17 00:00:00	t	f	LOSS	3	3	3	3	0	0.5	0	0	0	2025-11-18 17:39:08.066677	2025-11-18 17:39:08.112511
9cb91f22-b7d4-464a-8aac-a2ead2d2a0b7	d3373e62-c862-48ad-9db6-4cf353621f7e	3b9359ce-9703-40ba-b24c-4890af8e64e7	f16413de-819b-4c68-b591-7ed59f852bbe	3	2025-09-17 00:00:00	t	t	WIN	3	3	3	3	0	0.5	0	0	0	2025-11-18 17:39:08.0728	2025-11-18 17:39:08.112517
3978dc35-fc45-4bef-8019-183cda2de8f4	e22adc74-dbad-4a52-8822-d41df3c3a7d0	3b9359ce-9703-40ba-b24c-4890af8e64e7	f16413de-819b-4c68-b591-7ed59f852bbe	3	2025-09-17 00:00:00	t	t	LOSS	3	3	3	3	0	0.5	0	0	0	2025-11-18 17:39:08.076098	2025-11-18 17:39:08.112523
07bed081-c741-4cc4-b40f-7ee96ac837c7	958f1430-f51c-43a0-871d-e10324151dbc	3b9359ce-9703-40ba-b24c-4890af8e64e7	f16413de-819b-4c68-b591-7ed59f852bbe	3	2025-09-17 00:00:00	t	f	WIN	3	3	3	3	0	0.5	0	0	0	2025-11-18 17:39:08.079362	2025-11-18 17:39:08.112527
b7938e56-bd6c-4d9d-a39b-c8284e32b7f1	c98f7bfd-cbba-443e-941b-962dd6d40fed	3b9359ce-9703-40ba-b24c-4890af8e64e7	f16413de-819b-4c68-b591-7ed59f852bbe	3	2025-09-17 00:00:00	t	f	WIN	3	3	3	3	0	0.5	0	0	0	2025-11-18 17:39:08.082604	2025-11-18 17:39:08.112532
464dc823-beaa-427e-809a-9fa2eebc943f	839f0f95-bd46-4565-b2bc-9c76f0eec536	3b9359ce-9703-40ba-b24c-4890af8e64e7	f16413de-819b-4c68-b591-7ed59f852bbe	3	2025-09-17 00:00:00	f	f	DID_NOT_ATTEND	\N	\N	3	3	0	0.5	0	0	0	2025-11-18 17:39:08.085626	2025-11-18 17:39:08.112536
74a82ac0-45dd-4e0c-81c7-a7d950c49a85	de7929fd-181e-4cbd-b564-b9fd597779c9	3b9359ce-9703-40ba-b24c-4890af8e64e7	f16413de-819b-4c68-b591-7ed59f852bbe	3	2025-09-17 00:00:00	t	t	WIN	3	3	3	3	0	0.5	0	0	0	2025-11-18 17:39:08.089829	2025-11-18 17:39:08.112541
dcf5f537-7359-4cb3-958a-dc697db0f7bc	d83f7d2d-2b57-40bd-80ad-23e4eb03b8a9	3b9359ce-9703-40ba-b24c-4890af8e64e7	f16413de-819b-4c68-b591-7ed59f852bbe	3	2025-09-17 00:00:00	f	f	DID_NOT_ATTEND	\N	\N	3	3	0	0.5	0	0	0	2025-11-18 17:39:08.093019	2025-11-18 17:39:08.112545
164de3f8-027f-4d15-b0e7-26d02f739794	b982f348-6db4-438a-b106-c74d69e87e2d	3b9359ce-9703-40ba-b24c-4890af8e64e7	f16413de-819b-4c68-b591-7ed59f852bbe	3	2025-09-17 00:00:00	f	f	DID_NOT_ATTEND	\N	\N	3	3	0	0.5	0	0	0	2025-11-18 17:39:08.095416	2025-11-18 17:39:08.112549
0b99dc9f-38c2-46fc-b4e3-5265a58e408a	c976e410-ded4-4cc0-ab2f-53ee8abe2a4d	3b9359ce-9703-40ba-b24c-4890af8e64e7	f16413de-819b-4c68-b591-7ed59f852bbe	3	2025-09-17 00:00:00	t	t	WIN	3	3	3	3	0	0.5	0	0	0	2025-11-18 17:39:08.097665	2025-11-18 17:39:08.112554
bd3209f1-1386-4f15-bcbd-1507e6749238	fb1a9540-a35f-4789-a917-888bc71c4e5b	3b9359ce-9703-40ba-b24c-4890af8e64e7	f16413de-819b-4c68-b591-7ed59f852bbe	3	2025-09-17 00:00:00	t	f	LOSS	3	3	3	3	0	0.5	0	0	0	2025-11-18 17:39:08.100076	2025-11-18 17:39:08.112558
566702c3-63db-43db-b625-420810e3d979	f18488fd-d485-4bcf-8f0f-0c2f3cfdb025	3b9359ce-9703-40ba-b24c-4890af8e64e7	f16413de-819b-4c68-b591-7ed59f852bbe	3	2025-09-17 00:00:00	f	f	DID_NOT_ATTEND	\N	\N	3	3	0	0.5	0	0	0	2025-11-18 17:39:08.102897	2025-11-18 17:39:08.112562
35919431-a09d-4815-9ae7-7ee9639f8025	638378af-a3a0-4010-96bd-a4fcdf49e841	3b9359ce-9703-40ba-b24c-4890af8e64e7	f16413de-819b-4c68-b591-7ed59f852bbe	3	2025-09-17 00:00:00	f	f	DID_NOT_ATTEND	\N	\N	3	3	0	0.5	0	0	0	2025-11-18 17:39:08.10619	2025-11-18 17:39:08.112566
c82bd26d-6bb7-4f56-9483-8005ee975a12	2f2fd4c0-7f94-45f7-8b48-0cbecd8e018c	3b9359ce-9703-40ba-b24c-4890af8e64e7	f16413de-819b-4c68-b591-7ed59f852bbe	3	2025-09-17 00:00:00	t	f	LOSS	3	3	3	3	0	0.5	0	0	0	2025-11-18 17:39:08.108922	2025-11-18 17:39:08.112571
a6668aeb-a130-443d-aaa5-2272728d05e0	0ae22ab5-d3a0-4b3f-9b8d-ece4224f340a	8c910fd4-9582-4c74-863e-40f6bc168bc0	f16413de-819b-4c68-b591-7ed59f852bbe	4	2025-09-24 00:00:00	t	f	LOSS	3	3	3	2.85	-0.15	0.5	0.1	0	0	2025-11-18 17:40:28.546452	2025-11-18 17:40:28.632962
fd7b57c5-fda6-413c-b057-b586cc42923f	d3373e62-c862-48ad-9db6-4cf353621f7e	8c910fd4-9582-4c74-863e-40f6bc168bc0	f16413de-819b-4c68-b591-7ed59f852bbe	4	2025-09-24 00:00:00	t	t	LOSS	3	3	3	2.9	-0.09999999999999999	0.5	0.1	0.05	0	2025-11-18 17:40:28.554115	2025-11-18 17:40:28.632968
c93c75d0-b0c9-47fe-afb1-59c48635e19f	e22adc74-dbad-4a52-8822-d41df3c3a7d0	8c910fd4-9582-4c74-863e-40f6bc168bc0	f16413de-819b-4c68-b591-7ed59f852bbe	4	2025-09-24 00:00:00	t	t	WIN	3	3	3	3.4	0.39999999999999997	0.5	0.1	0.05	0	2025-11-18 17:40:28.558086	2025-11-18 17:40:28.632971
b3b710de-0c47-4589-898c-1f1b6de09364	958f1430-f51c-43a0-871d-e10324151dbc	8c910fd4-9582-4c74-863e-40f6bc168bc0	f16413de-819b-4c68-b591-7ed59f852bbe	4	2025-09-24 00:00:00	t	f	LOSS	3	3	3	2.85	-0.15	0.5	0.1	0	0	2025-11-18 17:40:28.561265	2025-11-18 17:40:28.632975
ee8f7a4e-384a-4a7b-b249-569879923808	c98f7bfd-cbba-443e-941b-962dd6d40fed	8c910fd4-9582-4c74-863e-40f6bc168bc0	f16413de-819b-4c68-b591-7ed59f852bbe	4	2025-09-24 00:00:00	t	f	WIN	3	3	3	3.35	0.35	0.5	0.1	0	0	2025-11-18 17:40:28.564348	2025-11-18 17:40:28.632978
b06d2ac9-e9e4-4373-88fd-1380f4a8878d	839f0f95-bd46-4565-b2bc-9c76f0eec536	8c910fd4-9582-4c74-863e-40f6bc168bc0	f16413de-819b-4c68-b591-7ed59f852bbe	4	2025-09-24 00:00:00	f	f	DID_NOT_ATTEND	\N	\N	3	2.8	-0.2	0.5	0	0	-0.2	2025-11-18 17:40:28.56708	2025-11-18 17:40:28.632982
4874082f-d721-4f2e-8433-29ff3050616e	de7929fd-181e-4cbd-b564-b9fd597779c9	8c910fd4-9582-4c74-863e-40f6bc168bc0	f16413de-819b-4c68-b591-7ed59f852bbe	4	2025-09-24 00:00:00	t	f	WIN	3	3	3	3.35	0.35	0.5	0.1	0	0	2025-11-18 17:40:28.572319	2025-11-18 17:40:28.632985
b7980fc2-636c-49af-8de9-6682134b0244	d83f7d2d-2b57-40bd-80ad-23e4eb03b8a9	8c910fd4-9582-4c74-863e-40f6bc168bc0	f16413de-819b-4c68-b591-7ed59f852bbe	4	2025-09-24 00:00:00	f	f	DID_NOT_ATTEND	\N	\N	3	2.8	-0.2	0.5	0	0	-0.2	2025-11-18 17:40:28.590483	2025-11-18 17:40:28.632988
25cdd8e5-9daf-4b6f-82ff-331985c525e1	b982f348-6db4-438a-b106-c74d69e87e2d	8c910fd4-9582-4c74-863e-40f6bc168bc0	f16413de-819b-4c68-b591-7ed59f852bbe	4	2025-09-24 00:00:00	f	f	DID_NOT_ATTEND	\N	\N	3	2.8	-0.2	0.5	0	0	-0.2	2025-11-18 17:40:28.60247	2025-11-18 17:40:28.632991
7d959188-68c3-4355-a5eb-591bdf5fd448	c976e410-ded4-4cc0-ab2f-53ee8abe2a4d	8c910fd4-9582-4c74-863e-40f6bc168bc0	f16413de-819b-4c68-b591-7ed59f852bbe	4	2025-09-24 00:00:00	t	f	LOSS	3	3	3	2.85	-0.15	0.5	0.1	0	0	2025-11-18 17:40:28.611985	2025-11-18 17:40:28.632995
3bbae2e1-60a7-4f88-b1b3-c720647856fc	fb1a9540-a35f-4789-a917-888bc71c4e5b	8c910fd4-9582-4c74-863e-40f6bc168bc0	f16413de-819b-4c68-b591-7ed59f852bbe	4	2025-09-24 00:00:00	f	f	DID_NOT_ATTEND	\N	\N	3	2.8	-0.2	0.5	0	0	-0.2	2025-11-18 17:40:28.615293	2025-11-18 17:40:28.632998
a615ecfa-bb65-465d-9471-52c94deff379	f18488fd-d485-4bcf-8f0f-0c2f3cfdb025	8c910fd4-9582-4c74-863e-40f6bc168bc0	f16413de-819b-4c68-b591-7ed59f852bbe	4	2025-09-24 00:00:00	t	f	LOSS	3	3	3	2.85	-0.15	0.5	0.1	0	0	2025-11-18 17:40:28.625417	2025-11-18 17:40:28.633001
f092e5ae-1506-4854-893b-6ff9ef3b24e0	638378af-a3a0-4010-96bd-a4fcdf49e841	8c910fd4-9582-4c74-863e-40f6bc168bc0	f16413de-819b-4c68-b591-7ed59f852bbe	4	2025-09-24 00:00:00	f	f	DID_NOT_ATTEND	\N	\N	3	2.8	-0.2	0.5	0	0	-0.2	2025-11-18 17:40:28.627921	2025-11-18 17:40:28.633004
59f359fa-47bb-4675-a73b-31814471529b	2f2fd4c0-7f94-45f7-8b48-0cbecd8e018c	8c910fd4-9582-4c74-863e-40f6bc168bc0	f16413de-819b-4c68-b591-7ed59f852bbe	4	2025-09-24 00:00:00	t	f	WIN	3	3	3	3.35	0.35	0.5	0.1	0	0	2025-11-18 17:40:28.630608	2025-11-18 17:40:28.633008
65584d1b-2a43-427e-9506-a2f543369484	0ae22ab5-d3a0-4b3f-9b8d-ece4224f340a	2061fd5e-1567-4c8d-87af-a240deb4f826	f16413de-819b-4c68-b591-7ed59f852bbe	5	2025-10-01 00:00:00	f	f	DID_NOT_ATTEND	\N	\N	2.85	2.65	-0.2	0.5	0	0	-0.2	2025-11-18 17:41:11.284848	2025-11-18 17:41:11.33606
3df00f56-b71c-46ec-b682-960947253e97	d3373e62-c862-48ad-9db6-4cf353621f7e	2061fd5e-1567-4c8d-87af-a240deb4f826	f16413de-819b-4c68-b591-7ed59f852bbe	5	2025-10-01 00:00:00	f	f	DID_NOT_ATTEND	\N	\N	2.9	2.6999999999999997	-0.2	0.5	0	0	-0.2	2025-11-18 17:41:11.291153	2025-11-18 17:41:11.336067
50ca6686-a8f4-41c8-a7c0-d726e2d75a74	e22adc74-dbad-4a52-8822-d41df3c3a7d0	2061fd5e-1567-4c8d-87af-a240deb4f826	f16413de-819b-4c68-b591-7ed59f852bbe	5	2025-10-01 00:00:00	t	f	WIN	3.0583333333333336	3.025	3.4	3.745203536374254	0.34520353637425416	0.5	0.1	0	0	2025-11-18 17:41:11.29448	2025-11-18 17:41:11.336071
b86c7a0a-1235-4f93-9651-b6d086095c7b	958f1430-f51c-43a0-871d-e10324151dbc	2061fd5e-1567-4c8d-87af-a240deb4f826	f16413de-819b-4c68-b591-7ed59f852bbe	5	2025-10-01 00:00:00	f	f	DID_NOT_ATTEND	\N	\N	2.85	2.65	-0.2	0.5	0	0	-0.2	2025-11-18 17:41:11.299089	2025-11-18 17:41:11.336075
0cfd3df4-668b-4668-9b50-5a6e747a1e98	c98f7bfd-cbba-443e-941b-962dd6d40fed	2061fd5e-1567-4c8d-87af-a240deb4f826	f16413de-819b-4c68-b591-7ed59f852bbe	5	2025-10-01 00:00:00	t	f	WIN	3.0583333333333336	3.025	3.35	3.695203536374254	0.34520353637425416	0.5	0.1	0	0	2025-11-18 17:41:11.302848	2025-11-18 17:41:11.33608
4bda0670-beae-4294-bd5b-e7752d126dde	839f0f95-bd46-4565-b2bc-9c76f0eec536	2061fd5e-1567-4c8d-87af-a240deb4f826	f16413de-819b-4c68-b591-7ed59f852bbe	5	2025-10-01 00:00:00	t	t	LOSS	3.025	3.0583333333333336	2.8	2.7047964636257458	-0.0952035363742542	0.5	0.1	0.05	0	2025-11-18 17:41:11.306864	2025-11-18 17:41:11.336084
921a32a8-7b23-4146-85af-cf9fab050c4d	de7929fd-181e-4cbd-b564-b9fd597779c9	2061fd5e-1567-4c8d-87af-a240deb4f826	f16413de-819b-4c68-b591-7ed59f852bbe	5	2025-10-01 00:00:00	t	f	LOSS	3.025	3.0583333333333336	3.35	3.2047964636257458	-0.1452035363742542	0.5	0.1	0	0	2025-11-18 17:41:11.310184	2025-11-18 17:41:11.336088
f1baefde-1683-4899-a1cb-2f78d5196ee6	d83f7d2d-2b57-40bd-80ad-23e4eb03b8a9	2061fd5e-1567-4c8d-87af-a240deb4f826	f16413de-819b-4c68-b591-7ed59f852bbe	5	2025-10-01 00:00:00	t	t	WIN	3.0583333333333336	3.025	2.8	3.195203536374254	0.39520353637425415	0.5	0.1	0.05	0	2025-11-18 17:41:11.313256	2025-11-18 17:41:11.336092
902e374f-e218-4696-a6f3-3510fdaea10c	b982f348-6db4-438a-b106-c74d69e87e2d	2061fd5e-1567-4c8d-87af-a240deb4f826	f16413de-819b-4c68-b591-7ed59f852bbe	5	2025-10-01 00:00:00	f	f	DID_NOT_ATTEND	\N	\N	2.8	2.5999999999999996	-0.2	0.5	0	0	-0.2	2025-11-18 17:41:11.316041	2025-11-18 17:41:11.336096
4efa6632-eed2-4b38-8b37-b1868e5d3225	c976e410-ded4-4cc0-ab2f-53ee8abe2a4d	2061fd5e-1567-4c8d-87af-a240deb4f826	f16413de-819b-4c68-b591-7ed59f852bbe	5	2025-10-01 00:00:00	t	t	LOSS	3.025	3.0583333333333336	2.85	2.754796463625746	-0.0952035363742542	0.5	0.1	0.05	0	2025-11-18 17:41:11.31972	2025-11-18 17:41:11.3361
fc859a5c-68de-4e25-b710-ee1dadbc1073	fb1a9540-a35f-4789-a917-888bc71c4e5b	2061fd5e-1567-4c8d-87af-a240deb4f826	f16413de-819b-4c68-b591-7ed59f852bbe	5	2025-10-01 00:00:00	t	f	LOSS	3.025	3.0583333333333336	2.8	2.6547964636257455	-0.1452035363742542	0.5	0.1	0	0	2025-11-18 17:41:11.322994	2025-11-18 17:41:11.336104
e957b047-85d7-483e-9419-00fd83190ab2	f18488fd-d485-4bcf-8f0f-0c2f3cfdb025	2061fd5e-1567-4c8d-87af-a240deb4f826	f16413de-819b-4c68-b591-7ed59f852bbe	5	2025-10-01 00:00:00	f	f	DID_NOT_ATTEND	\N	\N	2.85	2.65	-0.2	0.5	0	0	-0.2	2025-11-18 17:41:11.326676	2025-11-18 17:41:11.336108
068b2710-be6c-4aaf-8667-0aa388fff0c1	638378af-a3a0-4010-96bd-a4fcdf49e841	2061fd5e-1567-4c8d-87af-a240deb4f826	f16413de-819b-4c68-b591-7ed59f852bbe	5	2025-10-01 00:00:00	t	t	WIN	3.0583333333333336	3.025	2.8	3.195203536374254	0.39520353637425415	0.5	0.1	0.05	0	2025-11-18 17:41:11.329842	2025-11-18 17:41:11.336112
fcf9f504-3a49-475e-b6f2-7335afede7cf	2f2fd4c0-7f94-45f7-8b48-0cbecd8e018c	2061fd5e-1567-4c8d-87af-a240deb4f826	f16413de-819b-4c68-b591-7ed59f852bbe	5	2025-10-01 00:00:00	t	f	LOSS	3.025	3.0583333333333336	3.35	3.2047964636257458	-0.1452035363742542	0.5	0.1	0	0	2025-11-18 17:41:11.332609	2025-11-18 17:41:11.336116
674819c6-9acc-4233-a551-0259828d9682	0ae22ab5-d3a0-4b3f-9b8d-ece4224f340a	6514c434-5c57-4efc-b9f9-710aa9fe061e	f16413de-819b-4c68-b591-7ed59f852bbe	6	2025-10-08 00:00:00	t	f	WIN	3.076515801303252	2.909883693500426	2.65	2.9760929888457177	0.3260929888457177	0.5	0.1	0	0	2025-11-18 17:41:26.941559	2025-11-18 17:41:27.006947
f13e0838-367e-4633-93f5-7b978c2fa57b	d3373e62-c862-48ad-9db6-4cf353621f7e	6514c434-5c57-4efc-b9f9-710aa9fe061e	f16413de-819b-4c68-b591-7ed59f852bbe	6	2025-10-08 00:00:00	f	t	DID_NOT_ATTEND	\N	\N	2.6999999999999997	2.4999999999999996	-0.2	0.5	0	0	-0.2	2025-11-18 17:41:26.951955	2025-11-18 17:41:27.006954
008d0c28-5d92-4aa0-a65e-f1da96fac9b5	e22adc74-dbad-4a52-8822-d41df3c3a7d0	6514c434-5c57-4efc-b9f9-710aa9fe061e	f16413de-819b-4c68-b591-7ed59f852bbe	6	2025-10-08 00:00:00	t	t	WIN	3.076515801303252	2.909883693500426	3.745203536374254	4.121296525219972	0.3760929888457177	0.5	0.1	0.05	0	2025-11-18 17:41:26.960354	2025-11-18 17:41:27.006959
202d276e-2aa3-4b2d-a783-52ded5d5f3d7	958f1430-f51c-43a0-871d-e10324151dbc	6514c434-5c57-4efc-b9f9-710aa9fe061e	f16413de-819b-4c68-b591-7ed59f852bbe	6	2025-10-08 00:00:00	t	f	LOSS	2.909883693500426	3.076515801303252	2.65	2.5239070111542823	-0.12609298884571762	0.5	0.1	0	0	2025-11-18 17:41:26.968663	2025-11-18 17:41:27.006964
297d39b8-886a-490d-9291-3384f806453d	c98f7bfd-cbba-443e-941b-962dd6d40fed	6514c434-5c57-4efc-b9f9-710aa9fe061e	f16413de-819b-4c68-b591-7ed59f852bbe	6	2025-10-08 00:00:00	t	f	WIN	3.076515801303252	2.909883693500426	3.695203536374254	4.021296525219972	0.3260929888457177	0.5	0.1	0	0	2025-11-18 17:41:26.973209	2025-11-18 17:41:27.006969
2e35684a-9ad7-4a8d-91b0-97bb3d1123d0	839f0f95-bd46-4565-b2bc-9c76f0eec536	6514c434-5c57-4efc-b9f9-710aa9fe061e	f16413de-819b-4c68-b591-7ed59f852bbe	6	2025-10-08 00:00:00	t	t	LOSS	2.909883693500426	3.076515801303252	2.7047964636257458	2.628703474780028	-0.07609298884571762	0.5	0.1	0.05	0	2025-11-18 17:41:26.976717	2025-11-18 17:41:27.006973
f4489b26-6045-4386-a37b-3794543d1d3e	de7929fd-181e-4cbd-b564-b9fd597779c9	6514c434-5c57-4efc-b9f9-710aa9fe061e	f16413de-819b-4c68-b591-7ed59f852bbe	6	2025-10-08 00:00:00	t	f	LOSS	2.909883693500426	3.076515801303252	3.2047964636257458	3.078703474780028	-0.12609298884571762	0.5	0.1	0	0	2025-11-18 17:41:26.98075	2025-11-18 17:41:27.006977
f54a242c-f138-4adb-b731-5727b5b8d9f5	d83f7d2d-2b57-40bd-80ad-23e4eb03b8a9	6514c434-5c57-4efc-b9f9-710aa9fe061e	f16413de-819b-4c68-b591-7ed59f852bbe	6	2025-10-08 00:00:00	t	t	WIN	3.076515801303252	2.909883693500426	3.195203536374254	3.5712965252199718	0.3760929888457177	0.5	0.1	0.05	0	2025-11-18 17:41:26.984273	2025-11-18 17:41:27.006982
2606e9e1-b788-465f-bb11-f94c6b062a78	b982f348-6db4-438a-b106-c74d69e87e2d	6514c434-5c57-4efc-b9f9-710aa9fe061e	f16413de-819b-4c68-b591-7ed59f852bbe	6	2025-10-08 00:00:00	t	t	WIN	3.076515801303252	2.909883693500426	2.5999999999999996	2.9760929888457173	0.3760929888457177	0.5	0.1	0.05	0	2025-11-18 17:41:26.987665	2025-11-18 17:41:27.006986
cddf69a5-f364-4bf7-b35e-e9e00de3df47	c976e410-ded4-4cc0-ab2f-53ee8abe2a4d	6514c434-5c57-4efc-b9f9-710aa9fe061e	f16413de-819b-4c68-b591-7ed59f852bbe	6	2025-10-08 00:00:00	t	f	LOSS	2.909883693500426	3.076515801303252	2.754796463625746	2.6287034747800284	-0.12609298884571762	0.5	0.1	0	0	2025-11-18 17:41:26.990769	2025-11-18 17:41:27.00699
c2a68d60-a302-4b94-bbf6-1c8de1ffb339	fb1a9540-a35f-4789-a917-888bc71c4e5b	6514c434-5c57-4efc-b9f9-710aa9fe061e	f16413de-819b-4c68-b591-7ed59f852bbe	6	2025-10-08 00:00:00	t	t	LOSS	2.909883693500426	3.076515801303252	2.6547964636257455	2.5787034747800277	-0.07609298884571762	0.5	0.1	0.05	0	2025-11-18 17:41:26.993776	2025-11-18 17:41:27.006995
2dbcc231-c1d6-499f-ba88-a6a6e9d21d64	f18488fd-d485-4bcf-8f0f-0c2f3cfdb025	6514c434-5c57-4efc-b9f9-710aa9fe061e	f16413de-819b-4c68-b591-7ed59f852bbe	6	2025-10-08 00:00:00	t	f	WIN	3.076515801303252	2.909883693500426	2.65	2.9760929888457177	0.3260929888457177	0.5	0.1	0	0	2025-11-18 17:41:26.997663	2025-11-18 17:41:27.006999
271becd6-4098-497e-bd32-ae957758da0e	638378af-a3a0-4010-96bd-a4fcdf49e841	6514c434-5c57-4efc-b9f9-710aa9fe061e	f16413de-819b-4c68-b591-7ed59f852bbe	6	2025-10-08 00:00:00	t	t	LOSS	2.909883693500426	3.076515801303252	3.195203536374254	3.1191105475285363	-0.07609298884571762	0.5	0.1	0.05	0	2025-11-18 17:41:27.000632	2025-11-18 17:41:27.007003
50b584bf-5ced-49f4-a7ae-9cd0e1a46ada	2f2fd4c0-7f94-45f7-8b48-0cbecd8e018c	6514c434-5c57-4efc-b9f9-710aa9fe061e	f16413de-819b-4c68-b591-7ed59f852bbe	6	2025-10-08 00:00:00	t	f	LOSS	2.909883693500426	3.076515801303252	3.2047964636257458	3.078703474780028	-0.12609298884571762	0.5	0.1	0	0	2025-11-18 17:41:27.003486	2025-11-18 17:41:27.007007
8270dad3-bb0b-4f97-8cc2-3a5d9d867c11	0ae22ab5-d3a0-4b3f-9b8d-ece4224f340a	de2e7706-10ec-42a7-b94f-e8ac29f7fbe1	f16413de-819b-4c68-b591-7ed59f852bbe	7	2025-10-15 00:00:00	f	f	DID_NOT_ATTEND	\N	\N	2.9760929888457177	2.9260929888457174	-0.2	0.5	0	0	-0.2	2025-11-18 17:41:31.211897	2025-11-18 17:41:31.269867
92082edd-e215-4ec5-b3ce-ce7695d9b21b	d3373e62-c862-48ad-9db6-4cf353621f7e	de2e7706-10ec-42a7-b94f-e8ac29f7fbe1	f16413de-819b-4c68-b591-7ed59f852bbe	7	2025-10-15 00:00:00	f	f	DID_NOT_ATTEND	\N	\N	2.4999999999999996	2.3999999999999995	-0.2	0.5	0	0	-0.2	2025-11-18 17:41:31.218635	2025-11-18 17:41:31.269875
0d1c774b-de90-452a-93ea-e1f0e3c6175b	e22adc74-dbad-4a52-8822-d41df3c3a7d0	de2e7706-10ec-42a7-b94f-e8ac29f7fbe1	f16413de-819b-4c68-b591-7ed59f852bbe	7	2025-10-15 00:00:00	t	t	DRAW	3.0718014979906156	3.117701001593469	4.121296525219972	3.8779004580701057	0.15660393285013424	0.5	0.1	0.05	0	2025-11-18 17:41:31.222363	2025-11-18 17:41:31.26988
2418d922-74f1-47cb-9ca8-0ffbb2bb1476	958f1430-f51c-43a0-871d-e10324151dbc	de2e7706-10ec-42a7-b94f-e8ac29f7fbe1	f16413de-819b-4c68-b591-7ed59f852bbe	7	2025-10-15 00:00:00	t	f	DRAW	3.117701001593469	3.0718014979906156	2.5239070111542823	2.767303078304148	0.09339606714986573	0.5	0.1	0	0	2025-11-18 17:41:31.227015	2025-11-18 17:41:31.269886
2299c744-95dc-4a14-afa3-12482ecc0761	c98f7bfd-cbba-443e-941b-962dd6d40fed	de2e7706-10ec-42a7-b94f-e8ac29f7fbe1	f16413de-819b-4c68-b591-7ed59f852bbe	7	2025-10-15 00:00:00	t	f	DRAW	3.117701001593469	3.0718014979906156	4.021296525219972	3.7646925923698378	0.09339606714986573	0.5	0.1	0	0	2025-11-18 17:41:31.230699	2025-11-18 17:41:31.269891
d29343ce-360d-4d54-8cc2-6f21cc81da57	839f0f95-bd46-4565-b2bc-9c76f0eec536	de2e7706-10ec-42a7-b94f-e8ac29f7fbe1	f16413de-819b-4c68-b591-7ed59f852bbe	7	2025-10-15 00:00:00	t	t	DRAW	3.0718014979906156	3.117701001593469	2.628703474780028	2.9853074076301622	0.15660393285013424	0.5	0.1	0.05	0	2025-11-18 17:41:31.235196	2025-11-18 17:41:31.269896
e37e59a2-08ee-49f3-b7a5-54fd1926df35	de7929fd-181e-4cbd-b564-b9fd597779c9	de2e7706-10ec-42a7-b94f-e8ac29f7fbe1	f16413de-819b-4c68-b591-7ed59f852bbe	7	2025-10-15 00:00:00	t	f	DRAW	3.0718014979906156	3.117701001593469	3.078703474780028	2.8353074076301623	0.10660393285013425	0.5	0.1	0	0	2025-11-18 17:41:31.240449	2025-11-18 17:41:31.269901
534c41b4-cdc5-4632-aae1-86422b3971f8	d83f7d2d-2b57-40bd-80ad-23e4eb03b8a9	de2e7706-10ec-42a7-b94f-e8ac29f7fbe1	f16413de-819b-4c68-b591-7ed59f852bbe	7	2025-10-15 00:00:00	t	f	DRAW	3.117701001593469	3.0718014979906156	3.5712965252199718	3.864692592369838	0.09339606714986573	0.5	0.1	0	0	2025-11-18 17:41:31.244824	2025-11-18 17:41:31.269906
0d5659fe-d092-408c-ac59-64af69e0a0b6	b982f348-6db4-438a-b106-c74d69e87e2d	de2e7706-10ec-42a7-b94f-e8ac29f7fbe1	f16413de-819b-4c68-b591-7ed59f852bbe	7	2025-10-15 00:00:00	t	f	DRAW	3.0718014979906156	3.117701001593469	2.9760929888457173	3.2826969216958517	0.10660393285013425	0.5	0.1	0	0	2025-11-18 17:41:31.248784	2025-11-18 17:41:31.269911
95aed975-2649-41a7-9d5f-e7d0d7d89c10	c976e410-ded4-4cc0-ab2f-53ee8abe2a4d	de2e7706-10ec-42a7-b94f-e8ac29f7fbe1	f16413de-819b-4c68-b591-7ed59f852bbe	7	2025-10-15 00:00:00	t	f	DRAW	3.117701001593469	3.0718014979906156	2.6287034747800284	2.8720995419298943	0.09339606714986573	0.5	0.1	0	0	2025-11-18 17:41:31.25249	2025-11-18 17:41:31.269916
d6ca003b-0bea-429f-8e3a-62a1d885294e	fb1a9540-a35f-4789-a917-888bc71c4e5b	de2e7706-10ec-42a7-b94f-e8ac29f7fbe1	f16413de-819b-4c68-b591-7ed59f852bbe	7	2025-10-15 00:00:00	t	f	DRAW	3.0718014979906156	3.117701001593469	2.5787034747800277	2.885307407630162	0.10660393285013425	0.5	0.1	0	0	2025-11-18 17:41:31.255953	2025-11-18 17:41:31.26992
b5b76a0b-a854-4f66-b3f2-09929d27106f	f18488fd-d485-4bcf-8f0f-0c2f3cfdb025	de2e7706-10ec-42a7-b94f-e8ac29f7fbe1	f16413de-819b-4c68-b591-7ed59f852bbe	7	2025-10-15 00:00:00	f	f	DID_NOT_ATTEND	\N	\N	2.9760929888457177	2.9260929888457174	-0.2	0.5	0	0	-0.2	2025-11-18 17:41:31.25952	2025-11-18 17:41:31.269925
e79ccfc5-c11a-4cc2-9c19-130123d5cb21	638378af-a3a0-4010-96bd-a4fcdf49e841	de2e7706-10ec-42a7-b94f-e8ac29f7fbe1	f16413de-819b-4c68-b591-7ed59f852bbe	7	2025-10-15 00:00:00	t	t	DRAW	3.0718014979906156	3.117701001593469	3.1191105475285363	3.4757144803786706	0.15660393285013424	0.5	0.1	0.05	0	2025-11-18 17:41:31.26269	2025-11-18 17:41:31.269931
f853a953-c53d-48ba-9dca-90aaaacffd37	2f2fd4c0-7f94-45f7-8b48-0cbecd8e018c	de2e7706-10ec-42a7-b94f-e8ac29f7fbe1	f16413de-819b-4c68-b591-7ed59f852bbe	7	2025-10-15 00:00:00	t	f	DRAW	3.117701001593469	3.0718014979906156	3.078703474780028	2.822099541929894	0.09339606714986573	0.5	0.1	0	0	2025-11-18 17:41:31.266217	2025-11-18 17:41:31.269937
68b7a1a6-81b1-43c0-ab20-9256d4683aae	0ae22ab5-d3a0-4b3f-9b8d-ece4224f340a	0317af43-f94a-46e8-8f99-4b83d5227da2	f16413de-819b-4c68-b591-7ed59f852bbe	8	2025-10-22 00:00:00	f	f	DID_NOT_ATTEND	\N	\N	2.9260929888457174	2.9260929888457174	-0.2	0.5	0	0	-0.2	2025-11-18 17:41:38.425177	2025-11-18 17:41:38.456674
b731065e-e8d7-40f7-99f4-1f38dce6bc11	d3373e62-c862-48ad-9db6-4cf353621f7e	0317af43-f94a-46e8-8f99-4b83d5227da2	f16413de-819b-4c68-b591-7ed59f852bbe	8	2025-10-22 00:00:00	f	f	DID_NOT_ATTEND	\N	\N	2.3999999999999995	2.3999999999999995	-0.2	0.5	0	0	-0.2	2025-11-18 17:41:38.42913	2025-11-18 17:41:38.45668
aa50ba4d-9add-4f50-859a-1a6ffaf2488c	e22adc74-dbad-4a52-8822-d41df3c3a7d0	0317af43-f94a-46e8-8f99-4b83d5227da2	f16413de-819b-4c68-b591-7ed59f852bbe	8	2025-10-22 00:00:00	t	f	DRAW	3.2897030546660866	3.1869212313216595	3.8779004580701057	3.6179226639325406	0.08522574223668897	0.5	0.1	0	0	2025-11-18 17:41:38.431437	2025-11-18 17:41:38.456684
9a40efdd-58f3-4b62-8b0b-5e0b91a0a245	958f1430-f51c-43a0-871d-e10324151dbc	0317af43-f94a-46e8-8f99-4b83d5227da2	f16413de-819b-4c68-b591-7ed59f852bbe	8	2025-10-22 00:00:00	f	f	DID_NOT_ATTEND	\N	\N	2.767303078304148	2.767303078304148	-0.2	0.5	0	0	-0.2	2025-11-18 17:41:38.434028	2025-11-18 17:41:38.456687
4f9aedab-3490-4a92-ae2b-e328b156e718	c98f7bfd-cbba-443e-941b-962dd6d40fed	0317af43-f94a-46e8-8f99-4b83d5227da2	f16413de-819b-4c68-b591-7ed59f852bbe	8	2025-10-22 00:00:00	t	f	DRAW	3.1869212313216595	3.2897030546660866	3.7646925923698378	3.5342633137588946	0.11477425776331104	0.5	0.1	0	0	2025-11-18 17:41:38.436193	2025-11-18 17:41:38.45669
697f5146-23c9-4d98-9459-c1be2c92e3e8	839f0f95-bd46-4565-b2bc-9c76f0eec536	0317af43-f94a-46e8-8f99-4b83d5227da2	f16413de-819b-4c68-b591-7ed59f852bbe	8	2025-10-22 00:00:00	t	f	DRAW	3.2897030546660866	3.1869212313216595	2.9853074076301622	3.165736686241105	0.08522574223668897	0.5	0.1	0	0	2025-11-18 17:41:38.438839	2025-11-18 17:41:38.456693
82bb7f0e-e81b-401e-b064-8874273ea3bc	de7929fd-181e-4cbd-b564-b9fd597779c9	0317af43-f94a-46e8-8f99-4b83d5227da2	f16413de-819b-4c68-b591-7ed59f852bbe	8	2025-10-22 00:00:00	t	f	DRAW	3.2897030546660866	3.1869212313216595	2.8353074076301623	3.0657366862411055	0.08522574223668897	0.5	0.1	0	0	2025-11-18 17:41:38.440821	2025-11-18 17:41:38.456696
38e68e15-2a58-42d1-8a8d-f38cacf71bf3	d83f7d2d-2b57-40bd-80ad-23e4eb03b8a9	0317af43-f94a-46e8-8f99-4b83d5227da2	f16413de-819b-4c68-b591-7ed59f852bbe	8	2025-10-22 00:00:00	t	f	DRAW	3.2897030546660866	3.1869212313216595	3.864692592369838	3.5547147982322724	0.08522574223668897	0.5	0.1	0	0	2025-11-18 17:41:38.442769	2025-11-18 17:41:38.456699
0eaea496-e048-42b0-9688-b7383afec759	b982f348-6db4-438a-b106-c74d69e87e2d	0317af43-f94a-46e8-8f99-4b83d5227da2	f16413de-819b-4c68-b591-7ed59f852bbe	8	2025-10-22 00:00:00	f	f	DID_NOT_ATTEND	\N	\N	3.2826969216958517	3.2826969216958517	-0.2	0.5	0	0	-0.2	2025-11-18 17:41:38.444715	2025-11-18 17:41:38.456702
9165ca09-a7cf-4005-a958-0b6dee5c484a	c976e410-ded4-4cc0-ab2f-53ee8abe2a4d	0317af43-f94a-46e8-8f99-4b83d5227da2	f16413de-819b-4c68-b591-7ed59f852bbe	8	2025-10-22 00:00:00	t	f	DRAW	3.1869212313216595	3.2897030546660866	2.8720995419298943	3.082077336067459	0.11477425776331104	0.5	0.1	0	0	2025-11-18 17:41:38.446666	2025-11-18 17:41:38.456705
a9c87bd2-2a3c-401b-b3e0-d79c66c768b6	fb1a9540-a35f-4789-a917-888bc71c4e5b	0317af43-f94a-46e8-8f99-4b83d5227da2	f16413de-819b-4c68-b591-7ed59f852bbe	8	2025-10-22 00:00:00	t	f	DRAW	3.2897030546660866	3.1869212313216595	2.885307407630162	3.1157366862411053	0.08522574223668897	0.5	0.1	0	0	2025-11-18 17:41:38.448598	2025-11-18 17:41:38.456708
106fc4f7-5db8-49fa-8cfc-9b1d3877ed13	f18488fd-d485-4bcf-8f0f-0c2f3cfdb025	0317af43-f94a-46e8-8f99-4b83d5227da2	f16413de-819b-4c68-b591-7ed59f852bbe	8	2025-10-22 00:00:00	f	f	DID_NOT_ATTEND	\N	\N	2.9260929888457174	2.9260929888457174	-0.2	0.5	0	0	-0.2	2025-11-18 17:41:38.450433	2025-11-18 17:41:38.456711
e70091d9-81ff-429a-93ce-d2be98b7ddb4	638378af-a3a0-4010-96bd-a4fcdf49e841	0317af43-f94a-46e8-8f99-4b83d5227da2	f16413de-819b-4c68-b591-7ed59f852bbe	8	2025-10-22 00:00:00	t	f	DRAW	3.1869212313216595	3.2897030546660866	3.4757144803786706	3.195285201767727	0.11477425776331104	0.5	0.1	0	0	2025-11-18 17:41:38.452308	2025-11-18 17:41:38.456714
cb86dd98-6d06-441f-a929-856fc9863afb	2f2fd4c0-7f94-45f7-8b48-0cbecd8e018c	0317af43-f94a-46e8-8f99-4b83d5227da2	f16413de-819b-4c68-b591-7ed59f852bbe	8	2025-10-22 00:00:00	t	f	DRAW	3.1869212313216595	3.2897030546660866	2.822099541929894	3.082077336067459	0.11477425776331104	0.5	0.1	0	0	2025-11-18 17:41:38.454449	2025-11-18 17:41:38.456717
06d01fa7-1e48-4a80-aa8e-13d93e4e6774	0ae22ab5-d3a0-4b3f-9b8d-ece4224f340a	4a640ed2-2210-4f67-9e30-a4ad2230b334	f16413de-819b-4c68-b591-7ed59f852bbe	9	2025-10-29 00:00:00	f	f	DID_NOT_ATTEND	\N	\N	2.9260929888457174	2.3999999999999995	-0.2	0.5	0	0	-0.2	2025-11-18 17:42:53.989549	2025-11-18 17:42:54.053807
25b8aca3-acf5-4da6-9a8d-476756ab0467	d3373e62-c862-48ad-9db6-4cf353621f7e	4a640ed2-2210-4f67-9e30-a4ad2230b334	f16413de-819b-4c68-b591-7ed59f852bbe	9	2025-10-29 00:00:00	t	t	LOSS	3.027622781040184	3.2800000000000002	2.3999999999999995	2.5360666136941608	-0.06393338630583899	0.5	0.1	0.05	0	2025-11-18 17:42:53.997926	2025-11-18 17:42:54.053814
29892ef0-ef8c-4cc8-a9fb-a5cc5bf99211	e22adc74-dbad-4a52-8822-d41df3c3a7d0	4a640ed2-2210-4f67-9e30-a4ad2230b334	f16413de-819b-4c68-b591-7ed59f852bbe	9	2025-10-29 00:00:00	t	t	LOSS	3.027622781040184	3.2800000000000002	3.6179226639325406	3.177896288780984	-0.06393338630583899	0.5	0.1	0.05	0	2025-11-18 17:42:54.003377	2025-11-18 17:42:54.053819
8c759340-dd22-486f-b180-8d241a18fc4a	958f1430-f51c-43a0-871d-e10324151dbc	4a640ed2-2210-4f67-9e30-a4ad2230b334	f16413de-819b-4c68-b591-7ed59f852bbe	9	2025-10-29 00:00:00	f	f	DID_NOT_ATTEND	\N	\N	2.767303078304148	2.6933960671498656	-0.2	0.5	0	0	-0.2	2025-11-18 17:42:54.007717	2025-11-18 17:42:54.053824
8e5cb4ad-55d5-441c-9bed-57dbcc3742bb	c98f7bfd-cbba-443e-941b-962dd6d40fed	4a640ed2-2210-4f67-9e30-a4ad2230b334	f16413de-819b-4c68-b591-7ed59f852bbe	9	2025-10-29 00:00:00	t	f	WIN	3.2800000000000002	3.027622781040184	3.5342633137588946	3.5221037112190157	0.313933386305839	0.5	0.1	0	0	2025-11-18 17:42:54.012418	2025-11-18 17:42:54.053828
c86fcfbe-f3f0-4a6d-a606-5075bf1cd0a7	839f0f95-bd46-4565-b2bc-9c76f0eec536	4a640ed2-2210-4f67-9e30-a4ad2230b334	f16413de-819b-4c68-b591-7ed59f852bbe	9	2025-10-29 00:00:00	f	f	DID_NOT_ATTEND	\N	\N	3.165736686241105	3.041829675086823	-0.2	0.5	0	0	-0.2	2025-11-18 17:42:54.016818	2025-11-18 17:42:54.053833
4b38079c-6b87-49ca-9414-aa101b48ba06	de7929fd-181e-4cbd-b564-b9fd597779c9	4a640ed2-2210-4f67-9e30-a4ad2230b334	f16413de-819b-4c68-b591-7ed59f852bbe	9	2025-10-29 00:00:00	t	f	LOSS	3.027622781040184	3.2800000000000002	3.0657366862411055	3.077896288780984	-0.11393338630583899	0.5	0.1	0	0	2025-11-18 17:42:54.021048	2025-11-18 17:42:54.053837
525eef3b-5e4c-4122-9d30-c7b9827a352f	d83f7d2d-2b57-40bd-80ad-23e4eb03b8a9	4a640ed2-2210-4f67-9e30-a4ad2230b334	f16413de-819b-4c68-b591-7ed59f852bbe	9	2025-10-29 00:00:00	t	f	WIN	3.2800000000000002	3.027622781040184	3.5547147982322724	3.4925551956923937	0.313933386305839	0.5	0.1	0	0	2025-11-18 17:42:54.02496	2025-11-18 17:42:54.053842
27c29f68-9177-43f2-ba70-cde542ec2af7	b982f348-6db4-438a-b106-c74d69e87e2d	4a640ed2-2210-4f67-9e30-a4ad2230b334	f16413de-819b-4c68-b591-7ed59f852bbe	9	2025-10-29 00:00:00	f	f	DID_NOT_ATTEND	\N	\N	3.2826969216958517	2.706603932850134	-0.2	0.5	0	0	-0.2	2025-11-18 17:42:54.029587	2025-11-18 17:42:54.053846
5c2e0531-b2db-42dd-8d20-25948ee82c04	c976e410-ded4-4cc0-ab2f-53ee8abe2a4d	4a640ed2-2210-4f67-9e30-a4ad2230b334	f16413de-819b-4c68-b591-7ed59f852bbe	9	2025-10-29 00:00:00	t	f	LOSS	3.027622781040184	3.2800000000000002	3.082077336067459	3.0942369386073376	-0.11393338630583899	0.5	0.1	0	0	2025-11-18 17:42:54.033754	2025-11-18 17:42:54.05385
6969df8c-74eb-4468-95f1-9875b65d2690	fb1a9540-a35f-4789-a917-888bc71c4e5b	4a640ed2-2210-4f67-9e30-a4ad2230b334	f16413de-819b-4c68-b591-7ed59f852bbe	9	2025-10-29 00:00:00	t	f	WIN	3.2800000000000002	3.027622781040184	3.1157366862411053	3.505763061392662	0.313933386305839	0.5	0.1	0	0	2025-11-18 17:42:54.037727	2025-11-18 17:42:54.053855
7d26b03b-4df2-4cae-be66-eac199639da2	f18488fd-d485-4bcf-8f0f-0c2f3cfdb025	4a640ed2-2210-4f67-9e30-a4ad2230b334	f16413de-819b-4c68-b591-7ed59f852bbe	9	2025-10-29 00:00:00	f	f	DID_NOT_ATTEND	\N	\N	2.9260929888457174	2.3999999999999995	-0.2	0.5	0	0	-0.2	2025-11-18 17:42:54.042113	2025-11-18 17:42:54.053859
748492f1-8551-405b-92aa-d5dc42e65f6a	638378af-a3a0-4010-96bd-a4fcdf49e841	4a640ed2-2210-4f67-9e30-a4ad2230b334	f16413de-819b-4c68-b591-7ed59f852bbe	9	2025-10-29 00:00:00	t	t	WIN	3.2800000000000002	3.027622781040184	3.195285201767727	3.635311576919284	0.363933386305839	0.5	0.1	0.05	0	2025-11-18 17:42:54.04608	2025-11-18 17:42:54.053864
18800e55-64a4-4152-9582-c731986e0ae7	2f2fd4c0-7f94-45f7-8b48-0cbecd8e018c	4a640ed2-2210-4f67-9e30-a4ad2230b334	f16413de-819b-4c68-b591-7ed59f852bbe	9	2025-10-29 00:00:00	f	f	DID_NOT_ATTEND	\N	\N	3.082077336067459	3.0081703249131766	-0.2	0.5	0	0	-0.2	2025-11-18 17:42:54.050216	2025-11-18 17:42:54.053868
c9cc3bd8-502c-4e4e-aa26-2779af4f991e	0ae22ab5-d3a0-4b3f-9b8d-ece4224f340a	bceff159-c377-4d6d-b161-b45138f48702	f16413de-819b-4c68-b591-7ed59f852bbe	10	2025-11-12 20:00:00	f	f	DID_NOT_ATTEND	\N	\N	2.3999999999999995	2.3999999999999995	-0.2	0.5	0	0	-0.2	2025-11-18 17:43:26.497177	2025-11-18 17:43:26.557494
03ba0883-efe8-4ec7-b5d8-af426234bc36	d3373e62-c862-48ad-9db6-4cf353621f7e	bceff159-c377-4d6d-b161-b45138f48702	f16413de-819b-4c68-b591-7ed59f852bbe	10	2025-11-12 20:00:00	t	t	WIN	3.077462376293885	2.9864216723006423	2.5360666136941608	3.122976784829848	0.3869101711356872	0.5	0.1	0.05	0	2025-11-18 17:43:26.503941	2025-11-18 17:43:26.557501
83d17922-1637-440c-b164-54b01cc02d74	e22adc74-dbad-4a52-8822-d41df3c3a7d0	bceff159-c377-4d6d-b161-b45138f48702	f16413de-819b-4c68-b591-7ed59f852bbe	10	2025-11-12 20:00:00	t	t	LOSS	2.9864216723006423	3.077462376293885	3.177896288780984	2.934382184795163	-0.08691017113568718	0.5	0.1	0.05	0	2025-11-18 17:43:26.508441	2025-11-18 17:43:26.557505
34c682a9-8ddf-4ec1-91db-c4deafbc9d55	958f1430-f51c-43a0-871d-e10324151dbc	bceff159-c377-4d6d-b161-b45138f48702	f16413de-819b-4c68-b591-7ed59f852bbe	10	2025-11-12 20:00:00	t	f	LOSS	2.9864216723006423	3.077462376293885	2.6933960671498656	2.4630898288643124	-0.13691017113568718	0.5	0.1	0	0	2025-11-18 17:43:26.512517	2025-11-18 17:43:26.557508
08943b18-ba58-47df-93da-b567e187ef4c	c98f7bfd-cbba-443e-941b-962dd6d40fed	bceff159-c377-4d6d-b161-b45138f48702	f16413de-819b-4c68-b591-7ed59f852bbe	10	2025-11-12 20:00:00	f	f	DID_NOT_ATTEND	\N	\N	3.5221037112190157	3.2287076440691496	-0.2	0.5	0	0	-0.2	2025-11-18 17:43:26.516492	2025-11-18 17:43:26.557512
913bb4fc-f875-48b3-84a2-3e49e15d0874	839f0f95-bd46-4565-b2bc-9c76f0eec536	bceff159-c377-4d6d-b161-b45138f48702	f16413de-819b-4c68-b591-7ed59f852bbe	10	2025-11-12 20:00:00	t	t	LOSS	2.9864216723006423	3.077462376293885	3.041829675086823	2.7983155711010017	-0.08691017113568718	0.5	0.1	0.05	0	2025-11-18 17:43:26.522175	2025-11-18 17:43:26.557515
7071d111-1e28-4c9e-a536-79558eb7b123	de7929fd-181e-4cbd-b564-b9fd597779c9	bceff159-c377-4d6d-b161-b45138f48702	f16413de-819b-4c68-b591-7ed59f852bbe	10	2025-11-12 20:00:00	t	f	LOSS	2.9864216723006423	3.077462376293885	3.077896288780984	2.8343821847951625	-0.13691017113568718	0.5	0.1	0	0	2025-11-18 17:43:26.52645	2025-11-18 17:43:26.557519
3dcd97fe-aee8-4a40-8e09-198e31745814	d83f7d2d-2b57-40bd-80ad-23e4eb03b8a9	bceff159-c377-4d6d-b161-b45138f48702	f16413de-819b-4c68-b591-7ed59f852bbe	10	2025-11-12 20:00:00	t	t	WIN	3.077462376293885	2.9864216723006423	3.4925551956923937	3.786069299678215	0.3869101711356872	0.5	0.1	0.05	0	2025-11-18 17:43:26.53061	2025-11-18 17:43:26.557522
7345a4c2-b384-4aee-a395-663c7b77edb9	b982f348-6db4-438a-b106-c74d69e87e2d	bceff159-c377-4d6d-b161-b45138f48702	f16413de-819b-4c68-b591-7ed59f852bbe	10	2025-11-12 20:00:00	t	f	WIN	3.077462376293885	2.9864216723006423	2.706603932850134	2.936910171135687	0.3369101711356872	0.5	0.1	0	0	2025-11-18 17:43:26.533642	2025-11-18 17:43:26.557525
41e90725-c3bf-49b1-be18-d71c2b3480fd	c976e410-ded4-4cc0-ab2f-53ee8abe2a4d	bceff159-c377-4d6d-b161-b45138f48702	f16413de-819b-4c68-b591-7ed59f852bbe	10	2025-11-12 20:00:00	t	f	WIN	3.077462376293885	2.9864216723006423	3.0942369386073376	3.337751042593159	0.3369101711356872	0.5	0.1	0	0	2025-11-18 17:43:26.53673	2025-11-18 17:43:26.557529
95940d35-f66c-4620-8b88-aa2ba0965c6f	fb1a9540-a35f-4789-a917-888bc71c4e5b	bceff159-c377-4d6d-b161-b45138f48702	f16413de-819b-4c68-b591-7ed59f852bbe	10	2025-11-12 20:00:00	t	f	LOSS	2.9864216723006423	3.077462376293885	3.505763061392662	3.2622489574068405	-0.13691017113568718	0.5	0.1	0	0	2025-11-18 17:43:26.541292	2025-11-18 17:43:26.557532
bed6d223-59e7-4f84-a98d-bc2af8cbe174	f18488fd-d485-4bcf-8f0f-0c2f3cfdb025	bceff159-c377-4d6d-b161-b45138f48702	f16413de-819b-4c68-b591-7ed59f852bbe	10	2025-11-12 20:00:00	t	f	LOSS	2.9864216723006423	3.077462376293885	2.3999999999999995	2.4630898288643124	-0.13691017113568718	0.5	0.1	0	0	2025-11-18 17:43:26.548692	2025-11-18 17:43:26.557535
f2354cd2-ad6c-432c-8453-566836c7523c	638378af-a3a0-4010-96bd-a4fcdf49e841	bceff159-c377-4d6d-b161-b45138f48702	f16413de-819b-4c68-b591-7ed59f852bbe	10	2025-11-12 20:00:00	t	t	WIN	3.077462376293885	2.9864216723006423	3.635311576919284	3.8656178152048373	0.3869101711356872	0.5	0.1	0.05	0	2025-11-18 17:43:26.551467	2025-11-18 17:43:26.557539
aab87e86-65f0-4019-af9b-62b838803536	2f2fd4c0-7f94-45f7-8b48-0cbecd8e018c	bceff159-c377-4d6d-b161-b45138f48702	f16413de-819b-4c68-b591-7ed59f852bbe	10	2025-11-12 20:00:00	t	f	LOSS	2.9864216723006423	3.077462376293885	3.0081703249131766	2.7778640866276234	-0.13691017113568718	0.5	0.1	0	0	2025-11-18 17:43:26.554338	2025-11-18 17:43:26.557542
\.


--
-- Data for Name: player_season_ratings; Type: TABLE DATA; Schema: public; Owner: futsal_user
--

COPY public.player_season_ratings (id, player_id, season_id, current_rating, matches_completed, matches_attended, rating_locked, last_calculated_at, created_at, updated_at) FROM stdin;
1e7796f8-1fdc-4cf0-8e69-cdea51254b1a	958f1430-f51c-43a0-871d-e10324151dbc	f16413de-819b-4c68-b591-7ed59f852bbe	2.4630898288643124	10	6	f	2025-11-18 17:43:26.512589	2025-11-14 16:11:28.520307	2025-11-18 17:43:26.512846
88f05c37-4728-47d6-9376-1aa892f9b712	c98f7bfd-cbba-443e-941b-962dd6d40fed	f16413de-819b-4c68-b591-7ed59f852bbe	3.2287076440691496	10	8	f	2025-11-18 17:43:26.516548	2025-11-14 16:11:28.522401	2025-11-18 17:43:26.517071
f2d09ee9-887c-45f2-bdcb-9cf44ad04f22	839f0f95-bd46-4565-b2bc-9c76f0eec536	f16413de-819b-4c68-b591-7ed59f852bbe	2.7983155711010017	10	6	f	2025-11-18 17:43:26.522233	2025-11-14 16:11:28.524431	2025-11-18 17:43:26.522425
a7b2500a-36d8-4b13-8ae8-4013e369ac01	de7929fd-181e-4cbd-b564-b9fd597779c9	f16413de-819b-4c68-b591-7ed59f852bbe	2.8343821847951625	10	9	f	2025-11-18 17:43:26.526521	2025-11-14 16:11:28.526499	2025-11-18 17:43:26.527075
5b88c41d-b4f7-4a00-ae57-4ad6f36d4fd3	d83f7d2d-2b57-40bd-80ad-23e4eb03b8a9	f16413de-819b-4c68-b591-7ed59f852bbe	3.786069299678215	10	6	f	2025-11-18 17:43:26.530664	2025-11-14 16:11:28.528602	2025-11-18 17:43:26.530818
e5aa9873-1d37-4799-afd3-bd7af7560fa2	b982f348-6db4-438a-b106-c74d69e87e2d	f16413de-819b-4c68-b591-7ed59f852bbe	2.936910171135687	10	5	f	2025-11-18 17:43:26.533693	2025-11-14 16:11:28.530683	2025-11-18 17:43:26.533897
d92957d1-9c48-42fe-a4ff-0bb7286e14cd	c976e410-ded4-4cc0-ab2f-53ee8abe2a4d	f16413de-819b-4c68-b591-7ed59f852bbe	3.337751042593159	10	10	f	2025-11-18 17:43:26.536782	2025-11-14 16:11:28.532788	2025-11-18 17:43:26.536929
f6fb11f4-d442-4f2b-80d3-ede326757ade	fb1a9540-a35f-4789-a917-888bc71c4e5b	f16413de-819b-4c68-b591-7ed59f852bbe	3.2622489574068405	10	9	f	2025-11-18 17:43:26.541347	2025-11-14 16:11:28.534813	2025-11-18 17:43:26.541514
e86c2712-c138-4521-a4b8-a8b7487319cb	f18488fd-d485-4bcf-8f0f-0c2f3cfdb025	f16413de-819b-4c68-b591-7ed59f852bbe	2.4630898288643124	10	3	f	2025-11-18 17:43:26.548749	2025-11-14 16:11:28.536781	2025-11-18 17:43:26.548918
1b5906d8-3905-4729-873c-a27d35a9fd23	638378af-a3a0-4010-96bd-a4fcdf49e841	f16413de-819b-4c68-b591-7ed59f852bbe	3.8656178152048373	10	8	f	2025-11-18 17:43:26.551519	2025-11-14 16:11:28.538991	2025-11-18 17:43:26.551675
e9e2e127-ef9c-4bb9-a8be-fa8b022603c9	2f2fd4c0-7f94-45f7-8b48-0cbecd8e018c	f16413de-819b-4c68-b591-7ed59f852bbe	2.7778640866276234	10	8	f	2025-11-18 17:43:26.554382	2025-11-14 16:11:28.540809	2025-11-18 17:43:26.55452
3b5f86b9-ee37-4e73-b8de-570e27accabf	0ae22ab5-d3a0-4b3f-9b8d-ece4224f340a	f16413de-819b-4c68-b591-7ed59f852bbe	2.3999999999999995	10	3	f	2025-11-18 17:43:26.497261	2025-11-14 16:11:28.509911	2025-11-18 17:43:26.497897
1f89a6d9-e4e0-48df-ac20-d14eb4828f44	d3373e62-c862-48ad-9db6-4cf353621f7e	f16413de-819b-4c68-b591-7ed59f852bbe	3.122976784829848	10	6	f	2025-11-18 17:43:26.504013	2025-11-14 16:11:28.515654	2025-11-18 17:43:26.504494
f2f8ae9d-6430-4ca7-918c-6f8801d40b4a	e22adc74-dbad-4a52-8822-d41df3c3a7d0	f16413de-819b-4c68-b591-7ed59f852bbe	2.934382184795163	10	10	f	2025-11-18 17:43:26.508501	2025-11-14 16:11:28.51813	2025-11-18 17:43:26.508683
\.


--
-- Data for Name: players; Type: TABLE DATA; Schema: public; Owner: futsal_user
--

COPY public.players (id, name, is_active, created_at, updated_at, player_type) FROM stdin;
839f0f95-bd46-4565-b2bc-9c76f0eec536	Lupi	t	2025-11-01 20:51:15.124364	2025-11-01 20:51:15.124381	regular
638378af-a3a0-4010-96bd-a4fcdf49e841	Toni	t	2025-11-01 20:51:25.381692	2025-11-01 20:51:25.381699	regular
e22adc74-dbad-4a52-8822-d41df3c3a7d0	Alexander	t	2025-11-01 20:51:36.569216	2025-11-01 20:51:36.569253	regular
c98f7bfd-cbba-443e-941b-962dd6d40fed	Fon	t	2025-11-01 20:51:40.919283	2025-11-01 20:51:40.919291	regular
d83f7d2d-2b57-40bd-80ad-23e4eb03b8a9	Pakillo	t	2025-11-01 20:51:42.917177	2025-11-01 20:51:42.917185	regular
2f2fd4c0-7f94-45f7-8b48-0cbecd8e018c	Villo	t	2025-11-01 20:51:48.879332	2025-11-01 20:51:48.879345	regular
f18488fd-d485-4bcf-8f0f-0c2f3cfdb025	Sego	t	2025-11-01 20:52:11.340635	2025-11-01 20:52:11.340644	regular
0ae22ab5-d3a0-4b3f-9b8d-ece4224f340a	Agus	t	2025-11-01 20:52:16.042883	2025-11-01 20:52:16.042889	regular
958f1430-f51c-43a0-871d-e10324151dbc	Bryan	t	2025-11-01 20:52:19.647942	2025-11-01 20:52:19.647951	regular
de7929fd-181e-4cbd-b564-b9fd597779c9	Pablo	t	2025-11-01 20:52:26.072356	2025-11-01 20:52:26.072363	regular
b982f348-6db4-438a-b106-c74d69e87e2d	Pesca	t	2025-11-01 20:52:28.214735	2025-11-01 20:52:28.214742	regular
c976e410-ded4-4cc0-ab2f-53ee8abe2a4d	Ral	t	2025-11-01 20:52:06.607875	2025-11-01 20:52:06.607883	regular
fb1a9540-a35f-4789-a917-888bc71c4e5b	Rubn	t	2025-11-01 20:51:31.434154	2025-11-01 20:51:31.434162	regular
d3373e62-c862-48ad-9db6-4cf353621f7e	Aleh	t	2025-11-01 20:51:21.970441	2025-11-01 20:51:21.970448	regular
587d93e7-16c3-4021-be70-8b481636dc0f	Nico	t	2025-11-08 18:58:49.094726	2025-11-08 18:58:49.094729	invited
8496795e-a44d-4a5c-8dd1-8404fa4ff555	Joaqun	t	2025-11-08 18:58:57.52014	2025-11-08 18:58:57.520143	invited
877347bd-6025-4aa6-ae3e-afdf6376b503	Miguelillo	t	2025-11-08 18:59:00.725568	2025-11-08 18:59:00.725574	invited
034c7caa-ad2f-4e20-b53c-dca203245606	Jos Carlos	t	2025-11-08 18:59:18.950146	2025-11-08 18:59:18.950153	invited
ac73c184-e192-4aef-9960-40e2d6a9fa5e	Alberto	t	2025-11-08 18:59:20.751279	2025-11-08 18:59:20.751286	invited
4326b42b-cf7b-4671-bf7a-f4229d7344b3	Juan	t	2025-11-08 18:59:36.654281	2025-11-08 18:59:36.654289	invited
f35e24e8-b959-4c58-a22d-24dbd8b3f81c	Amigo de Juan	t	2025-11-08 18:59:40.080104	2025-11-08 18:59:40.080111	invited
9e1eae73-0ce2-48c9-9b24-268ae4645ed5	Migue Garca	t	2025-11-08 18:59:56.872405	2025-11-08 18:59:56.872408	invited
71132191-d659-475e-a74e-4a241e1d8146	Carayol	t	2025-11-08 19:00:07.857006	2025-11-08 19:00:07.857012	invited
d171c377-4bc6-4d28-973d-68343b373b58	lvaro	t	2025-11-08 19:00:16.860842	2025-11-08 19:00:16.860846	invited
719a45cc-f620-46ec-8996-52c08ccb015d	Len	t	2025-11-08 19:00:24.436502	2025-11-08 19:00:24.436512	invited
b5b71c9b-a553-4db3-8a95-f0e9fc460a17	Jose	f	2025-11-01 20:51:52.96016	2025-11-01 20:51:52.960168	regular
\.


--
-- Data for Name: seasons; Type: TABLE DATA; Schema: public; Owner: futsal_user
--

COPY public.seasons (id, name, year, start_date, end_date, is_active, created_at, updated_at) FROM stdin;
f16413de-819b-4c68-b591-7ed59f852bbe	Entrelosdedos Bouquet 2025	2025	2025-09-03	\N	t	2025-11-01 20:50:51.234692	2025-11-01 20:50:51.234694
\.


--
-- Data for Name: team_players; Type: TABLE DATA; Schema: public; Owner: futsal_user
--

COPY public.team_players (id, team_id, player_id, "position", created_at) FROM stdin;
0b6f8572-e3b7-4ec9-944b-9670ba93b52c	eafa770a-8ac9-4025-b579-a0314bbd1a97	fb1a9540-a35f-4789-a917-888bc71c4e5b	\N	2025-11-01 21:23:40.263045
8ef7e2f2-9596-4276-8557-7fbeb16b91d1	eafa770a-8ac9-4025-b579-a0314bbd1a97	958f1430-f51c-43a0-871d-e10324151dbc	\N	2025-11-01 21:23:40.268989
bc796e87-2605-48c9-86fa-c62970a91f5b	eafa770a-8ac9-4025-b579-a0314bbd1a97	c976e410-ded4-4cc0-ab2f-53ee8abe2a4d	\N	2025-11-01 21:23:40.274715
8247708f-e610-489a-be46-5f086e3954f6	eafa770a-8ac9-4025-b579-a0314bbd1a97	2f2fd4c0-7f94-45f7-8b48-0cbecd8e018c	\N	2025-11-01 21:23:40.279679
6144128b-4e07-46d4-9f7f-fde029e9ab3f	1ab3ea1a-c81d-4423-9f04-167981168861	839f0f95-bd46-4565-b2bc-9c76f0eec536	\N	2025-11-01 21:23:40.293613
0dc6d64f-d4f9-4d1d-901b-fca881a7499c	1ab3ea1a-c81d-4423-9f04-167981168861	638378af-a3a0-4010-96bd-a4fcdf49e841	\N	2025-11-01 21:23:40.298267
217d17cd-211b-46c7-a548-fc2d90d3ab1b	1ab3ea1a-c81d-4423-9f04-167981168861	e22adc74-dbad-4a52-8822-d41df3c3a7d0	\N	2025-11-01 21:23:40.303133
93ef5c10-68c7-4a84-b501-9bb06809bedf	1ab3ea1a-c81d-4423-9f04-167981168861	b982f348-6db4-438a-b106-c74d69e87e2d	\N	2025-11-01 21:23:40.308887
367d791d-9c8d-4165-b303-2bac4e001492	fe361d58-3493-4f98-91fa-90b519eb7e58	fb1a9540-a35f-4789-a917-888bc71c4e5b	\N	2025-11-01 21:27:37.900507
4beaa08b-701b-45fb-9092-d07622569146	fe361d58-3493-4f98-91fa-90b519eb7e58	638378af-a3a0-4010-96bd-a4fcdf49e841	\N	2025-11-01 21:27:37.903631
278f63a9-d590-47de-9cb5-b3c82d1a99bf	fe361d58-3493-4f98-91fa-90b519eb7e58	c976e410-ded4-4cc0-ab2f-53ee8abe2a4d	\N	2025-11-01 21:27:37.906942
a6dbe461-8af4-4dae-b412-0724ee5d12d1	114221e1-0217-4a2c-8402-0f366919c8fd	e22adc74-dbad-4a52-8822-d41df3c3a7d0	\N	2025-11-01 21:27:37.919122
cf6733f8-845c-4aec-9595-8203f59ee293	114221e1-0217-4a2c-8402-0f366919c8fd	c98f7bfd-cbba-443e-941b-962dd6d40fed	\N	2025-11-01 21:27:37.921687
8e5dcda8-4422-47bf-9d56-6e15ed3beb93	114221e1-0217-4a2c-8402-0f366919c8fd	b982f348-6db4-438a-b106-c74d69e87e2d	\N	2025-11-01 21:27:37.924049
a2b23ec5-eaf6-4568-88df-c4fe7f1af80b	f5d89f13-97ba-4fdc-a181-c8a4b6f21e94	fb1a9540-a35f-4789-a917-888bc71c4e5b	\N	2025-11-01 21:29:55.474192
cc12b8b7-f6d9-447d-b1c8-5ed61725005e	f5d89f13-97ba-4fdc-a181-c8a4b6f21e94	e22adc74-dbad-4a52-8822-d41df3c3a7d0	\N	2025-11-01 21:29:55.477283
0c9e0cd5-2fa0-4c56-a3e3-441cbae72502	f5d89f13-97ba-4fdc-a181-c8a4b6f21e94	2f2fd4c0-7f94-45f7-8b48-0cbecd8e018c	\N	2025-11-01 21:29:55.480143
e3044bcc-bcba-4a6a-ac40-900c3e61e028	7573d1ca-36df-40f9-9261-7713ec286b72	d3373e62-c862-48ad-9db6-4cf353621f7e	\N	2025-11-01 21:29:55.492534
1b81f5f9-30b9-407c-97a7-8a48b37f2eb8	7573d1ca-36df-40f9-9261-7713ec286b72	c98f7bfd-cbba-443e-941b-962dd6d40fed	\N	2025-11-01 21:29:55.497064
8c3119f5-0caf-4d85-ab20-f4f93d74bd88	7573d1ca-36df-40f9-9261-7713ec286b72	958f1430-f51c-43a0-871d-e10324151dbc	\N	2025-11-01 21:29:55.50026
6379325b-3f21-4c56-94de-c8abae2a4436	7573d1ca-36df-40f9-9261-7713ec286b72	c976e410-ded4-4cc0-ab2f-53ee8abe2a4d	\N	2025-11-01 21:29:55.503071
195c0edf-7a77-4006-882b-5d1fadb4994c	3e90ffab-57e8-4e72-9a7a-f72cbfc9ba69	c98f7bfd-cbba-443e-941b-962dd6d40fed	\N	2025-11-01 21:32:46.74458
710acd4d-eef1-4a7e-923f-bf58d18db746	3e90ffab-57e8-4e72-9a7a-f72cbfc9ba69	e22adc74-dbad-4a52-8822-d41df3c3a7d0	\N	2025-11-01 21:32:46.748781
bb2e5842-c2da-4136-8dfc-dace684ecda9	3e90ffab-57e8-4e72-9a7a-f72cbfc9ba69	2f2fd4c0-7f94-45f7-8b48-0cbecd8e018c	\N	2025-11-01 21:32:46.752431
97b0f441-e2c5-4145-a89b-ce3fd6c081c5	53d88b18-430f-4823-8387-7e537b296bde	d3373e62-c862-48ad-9db6-4cf353621f7e	\N	2025-11-01 21:32:46.763997
2ac85a03-875f-4be8-8c28-c5cde7a29e59	53d88b18-430f-4823-8387-7e537b296bde	f18488fd-d485-4bcf-8f0f-0c2f3cfdb025	\N	2025-11-01 21:32:46.766831
40e5ee52-6aec-4e01-80f1-1408bcf6e0d3	53d88b18-430f-4823-8387-7e537b296bde	958f1430-f51c-43a0-871d-e10324151dbc	\N	2025-11-01 21:32:46.769044
e3805112-e84c-4629-adc9-4ac4d6fd5a6d	53d88b18-430f-4823-8387-7e537b296bde	c976e410-ded4-4cc0-ab2f-53ee8abe2a4d	\N	2025-11-01 21:32:46.771072
fb5a8423-43c7-47f2-b426-d03c6dca23eb	24f236f5-2fc7-48ec-b8c6-73d3cafc9b0d	d83f7d2d-2b57-40bd-80ad-23e4eb03b8a9	\N	2025-11-01 21:35:22.068118
3ac83181-0162-4cd8-8eac-0ec8bfa59997	24f236f5-2fc7-48ec-b8c6-73d3cafc9b0d	c98f7bfd-cbba-443e-941b-962dd6d40fed	\N	2025-11-01 21:35:22.077397
b013f7fe-6c6e-4a59-8db8-01cd20686078	24f236f5-2fc7-48ec-b8c6-73d3cafc9b0d	638378af-a3a0-4010-96bd-a4fcdf49e841	\N	2025-11-01 21:35:22.082644
666e90ef-f51e-487e-9311-5689d8eae5f9	24f236f5-2fc7-48ec-b8c6-73d3cafc9b0d	e22adc74-dbad-4a52-8822-d41df3c3a7d0	\N	2025-11-01 21:35:22.08791
e01ae5ae-d2ae-4ea9-a70c-5708a9ed83df	91e02f49-5329-4554-9393-5c8d30c1640b	839f0f95-bd46-4565-b2bc-9c76f0eec536	\N	2025-11-01 21:35:22.117022
49dbf132-cb57-4f4a-ac2b-e763d3d6a9b1	91e02f49-5329-4554-9393-5c8d30c1640b	fb1a9540-a35f-4789-a917-888bc71c4e5b	\N	2025-11-01 21:35:22.125229
5649ab0a-5235-4185-b64a-4d12641c8988	91e02f49-5329-4554-9393-5c8d30c1640b	2f2fd4c0-7f94-45f7-8b48-0cbecd8e018c	\N	2025-11-01 21:35:22.128743
c62a19d1-d6cf-46b9-87a5-362f72acd2da	91e02f49-5329-4554-9393-5c8d30c1640b	c976e410-ded4-4cc0-ab2f-53ee8abe2a4d	\N	2025-11-01 21:35:22.130999
d1ca4205-9929-47f7-9fcb-baa83d9913ba	cd847220-bfca-4761-a321-2fbbafa38e06	d83f7d2d-2b57-40bd-80ad-23e4eb03b8a9	\N	2025-11-01 21:38:05.327927
47c5a313-f583-43c7-868e-287a8adf7ef8	cd847220-bfca-4761-a321-2fbbafa38e06	f18488fd-d485-4bcf-8f0f-0c2f3cfdb025	\N	2025-11-01 21:38:05.330852
5a9a5adf-5fca-4bbe-9e84-362ea6c1daf3	cd847220-bfca-4761-a321-2fbbafa38e06	c98f7bfd-cbba-443e-941b-962dd6d40fed	\N	2025-11-01 21:38:05.333462
5235fc17-b65b-44e7-b4c4-83b273862226	cd847220-bfca-4761-a321-2fbbafa38e06	e22adc74-dbad-4a52-8822-d41df3c3a7d0	\N	2025-11-01 21:38:05.335954
06fd57cb-53b2-4e28-a7b7-a8e95c972ce2	cd847220-bfca-4761-a321-2fbbafa38e06	b982f348-6db4-438a-b106-c74d69e87e2d	\N	2025-11-01 21:38:05.338476
95a39336-c27a-48e1-89d8-b86d9b5d7187	3e989c42-47d9-4e74-99f2-bd61549619c4	839f0f95-bd46-4565-b2bc-9c76f0eec536	\N	2025-11-01 21:38:05.347872
87dd6110-f4cd-4055-97fb-29f775a8895b	3e989c42-47d9-4e74-99f2-bd61549619c4	fb1a9540-a35f-4789-a917-888bc71c4e5b	\N	2025-11-01 21:38:05.34972
711899bf-37f2-4977-b27e-ae40a7068132	3e989c42-47d9-4e74-99f2-bd61549619c4	958f1430-f51c-43a0-871d-e10324151dbc	\N	2025-11-01 21:38:05.351468
46fc3641-0ca2-41a3-bee1-aa0cfe9fbe80	3e989c42-47d9-4e74-99f2-bd61549619c4	638378af-a3a0-4010-96bd-a4fcdf49e841	\N	2025-11-01 21:38:05.353256
48058353-cd89-4e46-ad1b-d0eb5f7b9451	3e989c42-47d9-4e74-99f2-bd61549619c4	2f2fd4c0-7f94-45f7-8b48-0cbecd8e018c	\N	2025-11-01 21:38:05.355013
2efcd937-0c1e-4429-af0d-2ff474f70c2b	3e989c42-47d9-4e74-99f2-bd61549619c4	c976e410-ded4-4cc0-ab2f-53ee8abe2a4d	\N	2025-11-01 21:38:05.357225
6cc60319-3678-48d4-9357-de36c4dbec51	b5321620-7ab9-4b40-a174-e3f3bc5e10e2	839f0f95-bd46-4565-b2bc-9c76f0eec536	\N	2025-11-01 21:40:04.649512
87bb7de2-60ab-42f5-b432-82f4fe48a623	b5321620-7ab9-4b40-a174-e3f3bc5e10e2	e22adc74-dbad-4a52-8822-d41df3c3a7d0	\N	2025-11-01 21:40:04.654619
8fe8edf7-178e-43f4-b6ef-7087e139e937	b5321620-7ab9-4b40-a174-e3f3bc5e10e2	fb1a9540-a35f-4789-a917-888bc71c4e5b	\N	2025-11-01 21:40:04.657947
daacd744-5805-4c01-90e7-727a5bd4bd3c	b5321620-7ab9-4b40-a174-e3f3bc5e10e2	638378af-a3a0-4010-96bd-a4fcdf49e841	\N	2025-11-01 21:40:04.660971
d3afb8e2-5045-4a6a-8d5c-95a9487fe14f	b5321620-7ab9-4b40-a174-e3f3bc5e10e2	b982f348-6db4-438a-b106-c74d69e87e2d	\N	2025-11-01 21:40:04.664217
017557a2-b69c-4d81-92e7-d1c0824e71e2	9fded2b1-6747-40e5-9ef6-ac9f472277a4	c98f7bfd-cbba-443e-941b-962dd6d40fed	\N	2025-11-01 21:40:04.671667
25303845-e020-441e-9686-1bd180fa0fc9	9fded2b1-6747-40e5-9ef6-ac9f472277a4	2f2fd4c0-7f94-45f7-8b48-0cbecd8e018c	\N	2025-11-01 21:40:04.674477
de2320f3-660b-4d25-96f8-a570104c9a61	9fded2b1-6747-40e5-9ef6-ac9f472277a4	d83f7d2d-2b57-40bd-80ad-23e4eb03b8a9	\N	2025-11-01 21:40:04.677238
013423c4-2e19-4ff2-a61d-7ea414d8d717	9fded2b1-6747-40e5-9ef6-ac9f472277a4	958f1430-f51c-43a0-871d-e10324151dbc	\N	2025-11-01 21:40:04.680059
ed3cdcdb-167e-4656-9b97-c06f8f060314	9fded2b1-6747-40e5-9ef6-ac9f472277a4	c976e410-ded4-4cc0-ab2f-53ee8abe2a4d	\N	2025-11-01 21:40:04.683206
59295271-831a-4388-a9a3-395caca4b51e	a0b35643-7af6-4cc9-a78d-c6d682eefa93	839f0f95-bd46-4565-b2bc-9c76f0eec536	\N	2025-11-01 21:46:34.947957
af37ce6d-c439-4d30-939d-e477607f999d	a0b35643-7af6-4cc9-a78d-c6d682eefa93	d83f7d2d-2b57-40bd-80ad-23e4eb03b8a9	\N	2025-11-01 21:46:34.950838
8c416725-72f4-4123-8672-23fbd5c65591	a0b35643-7af6-4cc9-a78d-c6d682eefa93	fb1a9540-a35f-4789-a917-888bc71c4e5b	\N	2025-11-01 21:46:34.953158
c8abd08d-afba-4a89-9c84-a04804474428	a0b35643-7af6-4cc9-a78d-c6d682eefa93	e22adc74-dbad-4a52-8822-d41df3c3a7d0	\N	2025-11-01 21:46:34.954671
fe0469fd-33cc-459a-864e-d2bd2376c281	f95a51fa-849a-4f04-a940-908eef1b5b21	c98f7bfd-cbba-443e-941b-962dd6d40fed	\N	2025-11-01 21:46:34.961017
0c5ce0c1-496c-4702-bc9f-2525bcd0351a	f95a51fa-849a-4f04-a940-908eef1b5b21	638378af-a3a0-4010-96bd-a4fcdf49e841	\N	2025-11-01 21:46:34.962818
4f9abe93-45e7-40f9-89e1-e64c9d9721c1	f95a51fa-849a-4f04-a940-908eef1b5b21	2f2fd4c0-7f94-45f7-8b48-0cbecd8e018c	\N	2025-11-01 21:46:34.964756
13fda48c-e603-4f7f-a7e0-be4824c4a630	f95a51fa-849a-4f04-a940-908eef1b5b21	c976e410-ded4-4cc0-ab2f-53ee8abe2a4d	\N	2025-11-01 21:46:34.966388
cff3f289-3228-40bc-892e-8409cdce8d86	e35eda2e-1dc1-4119-a0a9-9cbba53dfac2	fb1a9540-a35f-4789-a917-888bc71c4e5b	\N	2025-11-01 21:48:45.411554
87c1a965-2d73-4e06-bb88-2cf759c95a7d	e35eda2e-1dc1-4119-a0a9-9cbba53dfac2	c98f7bfd-cbba-443e-941b-962dd6d40fed	\N	2025-11-01 21:48:45.416681
accc8c7d-8462-4269-9540-ee3229897738	e35eda2e-1dc1-4119-a0a9-9cbba53dfac2	638378af-a3a0-4010-96bd-a4fcdf49e841	\N	2025-11-01 21:48:45.423012
40a8c992-4c48-4d7b-8c98-f9eaf502a4dd	03d8eb93-2b45-4637-8e78-4871e64ea882	d3373e62-c862-48ad-9db6-4cf353621f7e	\N	2025-11-01 21:48:45.440969
f2aa266f-0d9b-4b93-8801-35b33517fecb	03d8eb93-2b45-4637-8e78-4871e64ea882	e22adc74-dbad-4a52-8822-d41df3c3a7d0	\N	2025-11-01 21:48:45.446075
b59feff5-a9f7-4c40-8008-f4750f079878	03d8eb93-2b45-4637-8e78-4871e64ea882	c976e410-ded4-4cc0-ab2f-53ee8abe2a4d	\N	2025-11-01 21:48:45.450695
615c5a5c-bc60-4536-afa5-16dc9bed6044	e35eda2e-1dc1-4119-a0a9-9cbba53dfac2	d83f7d2d-2b57-40bd-80ad-23e4eb03b8a9	goalkeeper	2025-11-01 21:48:45.403004
b4846942-70c3-42d1-8358-6af4bea64f8c	03d8eb93-2b45-4637-8e78-4871e64ea882	de7929fd-181e-4cbd-b564-b9fd597779c9	goalkeeper	2025-11-01 21:48:45.436435
7658e55c-fb2d-45ff-98d6-0f4863e7f6fb	a0b35643-7af6-4cc9-a78d-c6d682eefa93	de7929fd-181e-4cbd-b564-b9fd597779c9	goalkeeper	2025-11-01 21:46:34.939345
4d615389-93b0-4f9d-b7ee-8c1529877254	b5321620-7ab9-4b40-a174-e3f3bc5e10e2	de7929fd-181e-4cbd-b564-b9fd597779c9	goalkeeper	2025-11-01 21:40:04.639545
d2504497-e048-49ff-a664-9ae9ccb31e42	cd847220-bfca-4761-a321-2fbbafa38e06	0ae22ab5-d3a0-4b3f-9b8d-ece4224f340a	goalkeeper	2025-11-01 21:38:05.318652
fdbec3c6-9b69-40f9-bc56-5a5293d23e5b	3e989c42-47d9-4e74-99f2-bd61549619c4	de7929fd-181e-4cbd-b564-b9fd597779c9	goalkeeper	2025-11-01 21:38:05.345806
bc807d5d-cdef-459f-911f-9de43578467f	91e02f49-5329-4554-9393-5c8d30c1640b	de7929fd-181e-4cbd-b564-b9fd597779c9	goalkeeper	2025-11-01 21:35:22.108274
04a7ea4d-a705-4265-bd93-2eaa9dc85e55	53d88b18-430f-4823-8387-7e537b296bde	0ae22ab5-d3a0-4b3f-9b8d-ece4224f340a	goalkeeper	2025-11-01 21:32:46.76072
ca7f3780-6f77-43ef-bae5-4f19d62a54d3	3e90ffab-57e8-4e72-9a7a-f72cbfc9ba69	de7929fd-181e-4cbd-b564-b9fd597779c9	goalkeeper	2025-11-01 21:32:46.732947
53ea41cf-7367-4061-a665-69188980f81f	f5d89f13-97ba-4fdc-a181-c8a4b6f21e94	0ae22ab5-d3a0-4b3f-9b8d-ece4224f340a	goalkeeper	2025-11-01 21:29:55.468036
6459940a-85b2-440e-8664-262c784fc65e	7573d1ca-36df-40f9-9261-7713ec286b72	de7929fd-181e-4cbd-b564-b9fd597779c9	goalkeeper	2025-11-01 21:29:55.489105
47573f8e-7adc-4c57-b2af-f188075646c1	fe361d58-3493-4f98-91fa-90b519eb7e58	d3373e62-c862-48ad-9db6-4cf353621f7e	goalkeeper	2025-11-01 21:27:37.894203
e5f3196e-87dd-4fb5-83a2-1fe0e88143da	114221e1-0217-4a2c-8402-0f366919c8fd	de7929fd-181e-4cbd-b564-b9fd597779c9	goalkeeper	2025-11-01 21:27:37.915984
48bdf537-8b80-4109-ac92-5f6ff0e5d4a3	eafa770a-8ac9-4025-b579-a0314bbd1a97	d3373e62-c862-48ad-9db6-4cf353621f7e	goalkeeper	2025-11-01 21:23:40.251998
fa7910b0-3fa4-47d7-a68b-d8ce2b18858c	e35eda2e-1dc1-4119-a0a9-9cbba53dfac2	587d93e7-16c3-4021-be70-8b481636dc0f	\N	2025-11-08 19:01:38.867366
7cd77dc1-40d0-4f8d-acc0-1a765a2d5646	03d8eb93-2b45-4637-8e78-4871e64ea882	8496795e-a44d-4a5c-8dd1-8404fa4ff555	\N	2025-11-08 19:02:41.134244
eebbf986-3db6-46d9-a652-57c9df9f35a7	03d8eb93-2b45-4637-8e78-4871e64ea882	877347bd-6025-4aa6-ae3e-afdf6376b503	\N	2025-11-08 19:06:04.842956
c160547a-9a79-4474-bbb2-83a1699e0fb0	f95a51fa-849a-4f04-a940-908eef1b5b21	877347bd-6025-4aa6-ae3e-afdf6376b503	\N	2025-11-08 19:07:19.015474
2436377e-950b-4633-a696-879615ed471e	eafa770a-8ac9-4025-b579-a0314bbd1a97	71132191-d659-475e-a74e-4a241e1d8146	\N	2025-11-08 19:15:06.213269
efd28e5e-a303-4eb0-99a3-76b2d882a038	1ab3ea1a-c81d-4423-9f04-167981168861	877347bd-6025-4aa6-ae3e-afdf6376b503	\N	2025-11-08 19:15:27.331173
1e139347-d2b3-4c4e-a313-42604b43182b	1ab3ea1a-c81d-4423-9f04-167981168861	034c7caa-ad2f-4e20-b53c-dca203245606	goalkeeper	2025-11-08 19:15:32.761071
05ee3936-e791-49df-94fa-dffa309f1493	fe361d58-3493-4f98-91fa-90b519eb7e58	587d93e7-16c3-4021-be70-8b481636dc0f	\N	2025-11-08 19:16:24.980442
efaca489-805e-4dc4-9d32-58e0ab939405	fe361d58-3493-4f98-91fa-90b519eb7e58	d171c377-4bc6-4d28-973d-68343b373b58	\N	2025-11-08 19:16:29.045954
6c7d0cb6-c9c2-428c-8241-fb428e35e8af	114221e1-0217-4a2c-8402-0f366919c8fd	719a45cc-f620-46ec-8996-52c08ccb015d	\N	2025-11-08 19:16:38.659811
3cbb0a01-3eff-4243-be33-19e37e4ac44e	114221e1-0217-4a2c-8402-0f366919c8fd	8496795e-a44d-4a5c-8dd1-8404fa4ff555	\N	2025-11-08 19:16:41.747889
09270822-daf7-41d1-aac0-a10048c34188	f5d89f13-97ba-4fdc-a181-c8a4b6f21e94	71132191-d659-475e-a74e-4a241e1d8146	\N	2025-11-08 19:17:32.254501
b66e3928-3005-4eb7-9040-b22bdd458ca3	3e90ffab-57e8-4e72-9a7a-f72cbfc9ba69	4326b42b-cf7b-4671-bf7a-f4229d7344b3	\N	2025-11-08 19:18:14.544837
0d6e7659-9d28-4f8d-a295-8e90b77a54fd	3e90ffab-57e8-4e72-9a7a-f72cbfc9ba69	9e1eae73-0ce2-48c9-9b24-268ae4645ed5	\N	2025-11-08 19:18:19.790663
d40ca5b0-1565-445a-ade1-67c80dd4a366	53d88b18-430f-4823-8387-7e537b296bde	8496795e-a44d-4a5c-8dd1-8404fa4ff555	\N	2025-11-08 19:18:28.140505
a2563794-d385-437a-b146-40dbe7d8112d	24f236f5-2fc7-48ec-b8c6-73d3cafc9b0d	587d93e7-16c3-4021-be70-8b481636dc0f	\N	2025-11-08 19:18:58.195309
c5144e9b-9157-4dfe-a5a6-726872c29c04	24f236f5-2fc7-48ec-b8c6-73d3cafc9b0d	4326b42b-cf7b-4671-bf7a-f4229d7344b3	\N	2025-11-08 19:19:00.644512
a70d25ce-e189-4dfa-ae22-3e649f46ff98	91e02f49-5329-4554-9393-5c8d30c1640b	f35e24e8-b959-4c58-a22d-24dbd8b3f81c	\N	2025-11-08 19:19:10.0196
ee9589f2-7240-419e-b2d7-2cd1009e88b1	cd847220-bfca-4761-a321-2fbbafa38e06	8496795e-a44d-4a5c-8dd1-8404fa4ff555	\N	2025-11-08 19:20:00.894737
971e0c18-db25-4cca-a840-278d9bacd715	b5321620-7ab9-4b40-a174-e3f3bc5e10e2	ac73c184-e192-4aef-9960-40e2d6a9fa5e	\N	2025-11-08 19:20:48.333686
7e8ba9c0-9507-46bd-81ab-cd83d11d9719	9fded2b1-6747-40e5-9ef6-ac9f472277a4	034c7caa-ad2f-4e20-b53c-dca203245606	goalkeeper	2025-11-08 19:20:57.901211
238324bd-ec52-4b2a-bd54-20a44fc6bebf	9fded2b1-6747-40e5-9ef6-ac9f472277a4	877347bd-6025-4aa6-ae3e-afdf6376b503	\N	2025-11-08 19:21:03.422053
41d23989-eb4d-4c41-9103-d436a41d041c	7ab5f431-2ba4-41c1-9741-fe0663609710	638378af-a3a0-4010-96bd-a4fcdf49e841	\N	2025-11-12 07:42:35.756073
db744073-1fe1-4f61-8031-549897e9c4ca	7ab5f431-2ba4-41c1-9741-fe0663609710	d83f7d2d-2b57-40bd-80ad-23e4eb03b8a9	\N	2025-11-12 07:42:35.757323
d3618938-7bc3-472f-af05-596d0ce12409	7ab5f431-2ba4-41c1-9741-fe0663609710	c976e410-ded4-4cc0-ab2f-53ee8abe2a4d	\N	2025-11-12 07:42:35.758459
7906b483-e8ed-4a90-b5ac-708a6db9b3d1	7ab5f431-2ba4-41c1-9741-fe0663609710	587d93e7-16c3-4021-be70-8b481636dc0f	\N	2025-11-12 07:42:35.759578
1912f7cd-5de9-4d64-9820-c11570bf8ad6	7ab5f431-2ba4-41c1-9741-fe0663609710	b982f348-6db4-438a-b106-c74d69e87e2d	\N	2025-11-12 07:42:35.76068
a626c1f9-ae0e-4599-9a0a-82943040a77a	7ab5f431-2ba4-41c1-9741-fe0663609710	d3373e62-c862-48ad-9db6-4cf353621f7e	\N	2025-11-12 07:42:35.761794
8bbdcb4f-fa78-45f1-a185-4a0a5e7b1427	a11b48a1-7419-48ad-b8f2-4a140e736ef1	de7929fd-181e-4cbd-b564-b9fd597779c9	goalkeeper	2025-11-12 07:42:35.764167
22f1cabc-5e92-458e-8dd1-d445e54a0acb	a11b48a1-7419-48ad-b8f2-4a140e736ef1	fb1a9540-a35f-4789-a917-888bc71c4e5b	\N	2025-11-12 07:42:35.765242
7605c158-fa73-46fa-8127-91a662e8fc67	a11b48a1-7419-48ad-b8f2-4a140e736ef1	e22adc74-dbad-4a52-8822-d41df3c3a7d0	\N	2025-11-12 07:42:35.766347
ce7dccca-f051-4174-a8fe-4ccbb1b511e9	a11b48a1-7419-48ad-b8f2-4a140e736ef1	839f0f95-bd46-4565-b2bc-9c76f0eec536	\N	2025-11-12 07:42:35.767801
3e62e2b0-ed66-40c7-bb88-1cac48496429	a11b48a1-7419-48ad-b8f2-4a140e736ef1	2f2fd4c0-7f94-45f7-8b48-0cbecd8e018c	\N	2025-11-12 07:42:35.769222
6c883ffb-1c2d-427d-acf7-d7d31e09eef3	a11b48a1-7419-48ad-b8f2-4a140e736ef1	958f1430-f51c-43a0-871d-e10324151dbc	\N	2025-11-12 07:42:35.770404
dd82e52c-762c-44d1-a4b7-32fc6e9e4cbd	a11b48a1-7419-48ad-b8f2-4a140e736ef1	f18488fd-d485-4bcf-8f0f-0c2f3cfdb025	\N	2025-11-12 07:42:35.771996
\.


--
-- Data for Name: teams; Type: TABLE DATA; Schema: public; Owner: futsal_user
--

COPY public.teams (id, match_id, name, average_skill_rating, created_at) FROM stdin;
3e90ffab-57e8-4e72-9a7a-f72cbfc9ba69	8c910fd4-9582-4c74-863e-40f6bc168bc0	TEAM_A	3	2025-11-01 21:32:46.711113
53d88b18-430f-4823-8387-7e537b296bde	8c910fd4-9582-4c74-863e-40f6bc168bc0	TEAM_B	3	2025-11-01 21:32:46.758013
24f236f5-2fc7-48ec-b8c6-73d3cafc9b0d	2061fd5e-1567-4c8d-87af-a240deb4f826	TEAM_A	3.0583333333333336	2025-11-01 21:35:22.046678
91e02f49-5329-4554-9393-5c8d30c1640b	2061fd5e-1567-4c8d-87af-a240deb4f826	TEAM_B	3.025	2025-11-01 21:35:22.102411
3e989c42-47d9-4e74-99f2-bd61549619c4	6514c434-5c57-4efc-b9f9-710aa9fe061e	TEAM_B	2.909883693500426	2025-11-01 21:38:05.343803
cd847220-bfca-4761-a321-2fbbafa38e06	6514c434-5c57-4efc-b9f9-710aa9fe061e	TEAM_A	3.076515801303252	2025-11-01 21:38:05.292704
9fded2b1-6747-40e5-9ef6-ac9f472277a4	de2e7706-10ec-42a7-b94f-e8ac29f7fbe1	TEAM_B	3.117701001593469	2025-11-01 21:40:04.669345
b5321620-7ab9-4b40-a174-e3f3bc5e10e2	de2e7706-10ec-42a7-b94f-e8ac29f7fbe1	TEAM_A	3.0718014979906156	2025-11-01 21:40:04.617783
a0b35643-7af6-4cc9-a78d-c6d682eefa93	0317af43-f94a-46e8-8f99-4b83d5227da2	TEAM_A	3.2897030546660866	2025-11-01 21:46:34.907486
f95a51fa-849a-4f04-a940-908eef1b5b21	0317af43-f94a-46e8-8f99-4b83d5227da2	TEAM_B	3.1869212313216595	2025-11-01 21:46:34.959938
03d8eb93-2b45-4637-8e78-4871e64ea882	4a640ed2-2210-4f67-9e30-a4ad2230b334	TEAM_B	3.027622781040184	2025-11-01 21:48:45.432863
e35eda2e-1dc1-4119-a0a9-9cbba53dfac2	4a640ed2-2210-4f67-9e30-a4ad2230b334	TEAM_A	3.2800000000000002	2025-11-01 21:48:45.381128
7ab5f431-2ba4-41c1-9741-fe0663609710	bceff159-c377-4d6d-b161-b45138f48702	TEAM_A	3.077462376293885	2025-11-12 07:42:35.734671
a11b48a1-7419-48ad-b8f2-4a140e736ef1	bceff159-c377-4d6d-b161-b45138f48702	TEAM_B	2.9864216723006423	2025-11-12 07:42:35.762913
1ab3ea1a-c81d-4423-9f04-167981168861	7712a21a-7fc7-4f07-bfbd-fea814175b7c	TEAM_B	3	2025-11-01 21:23:40.290364
eafa770a-8ac9-4025-b579-a0314bbd1a97	7712a21a-7fc7-4f07-bfbd-fea814175b7c	TEAM_A	3	2025-11-01 21:23:40.230087
114221e1-0217-4a2c-8402-0f366919c8fd	e940f144-fd5a-4cf4-b348-decd293ccd1e	TEAM_B	3	2025-11-01 21:27:37.913542
fe361d58-3493-4f98-91fa-90b519eb7e58	e940f144-fd5a-4cf4-b348-decd293ccd1e	TEAM_A	3	2025-11-01 21:27:37.870412
7573d1ca-36df-40f9-9261-7713ec286b72	3b9359ce-9703-40ba-b24c-4890af8e64e7	TEAM_B	3	2025-11-01 21:29:55.485737
f5d89f13-97ba-4fdc-a181-c8a4b6f21e94	3b9359ce-9703-40ba-b24c-4890af8e64e7	TEAM_A	3	2025-11-01 21:29:55.452958
\.


--
-- Data for Name: third_time_attendances; Type: TABLE DATA; Schema: public; Owner: futsal_user
--

COPY public.third_time_attendances (id, match_id, player_id, attended, created_at) FROM stdin;
ca96619e-8c86-4ecd-9333-c4fb2a4f9e34	7712a21a-7fc7-4f07-bfbd-fea814175b7c	839f0f95-bd46-4565-b2bc-9c76f0eec536	t	2025-11-01 21:24:00.302226
8f39bb65-b5d5-40ee-9ec1-c662a181629f	7712a21a-7fc7-4f07-bfbd-fea814175b7c	638378af-a3a0-4010-96bd-a4fcdf49e841	t	2025-11-01 21:24:00.314172
33505ced-97f9-473e-a8ad-4cf0096795ba	7712a21a-7fc7-4f07-bfbd-fea814175b7c	b982f348-6db4-438a-b106-c74d69e87e2d	t	2025-11-01 21:24:00.316831
61f70477-21b9-4d88-a22e-0849dd88f211	7712a21a-7fc7-4f07-bfbd-fea814175b7c	fb1a9540-a35f-4789-a917-888bc71c4e5b	t	2025-11-01 21:24:00.321007
011e7807-549d-4cb0-8ecb-cf22da44fdec	7712a21a-7fc7-4f07-bfbd-fea814175b7c	d3373e62-c862-48ad-9db6-4cf353621f7e	t	2025-11-01 21:24:00.324679
c70d0dfb-2bb0-4931-9467-235abc9779ac	7712a21a-7fc7-4f07-bfbd-fea814175b7c	c976e410-ded4-4cc0-ab2f-53ee8abe2a4d	t	2025-11-01 21:24:00.327163
724793d3-4819-44c8-9f12-d0135b9496bc	e940f144-fd5a-4cf4-b348-decd293ccd1e	d3373e62-c862-48ad-9db6-4cf353621f7e	t	2025-11-01 21:28:20.031481
38ccb972-df9a-43ae-b0fd-2b63eca73349	e940f144-fd5a-4cf4-b348-decd293ccd1e	fb1a9540-a35f-4789-a917-888bc71c4e5b	t	2025-11-01 21:28:20.047425
b73c5cc2-a009-46f2-96ab-fcb30c883f5c	e940f144-fd5a-4cf4-b348-decd293ccd1e	638378af-a3a0-4010-96bd-a4fcdf49e841	t	2025-11-01 21:28:20.051148
5219fdce-0c2d-40b5-aaf2-15d9c59a77b3	e940f144-fd5a-4cf4-b348-decd293ccd1e	e22adc74-dbad-4a52-8822-d41df3c3a7d0	t	2025-11-01 21:28:20.065458
0d913775-ec59-4b85-8955-1ddfe1cbe45b	e940f144-fd5a-4cf4-b348-decd293ccd1e	b982f348-6db4-438a-b106-c74d69e87e2d	t	2025-11-01 21:28:20.070545
7a2a228d-053f-431e-8271-214dff357a7a	3b9359ce-9703-40ba-b24c-4890af8e64e7	e22adc74-dbad-4a52-8822-d41df3c3a7d0	t	2025-11-01 21:30:53.556607
ad157d3b-6e5e-4a12-83cb-f8d08881f628	3b9359ce-9703-40ba-b24c-4890af8e64e7	de7929fd-181e-4cbd-b564-b9fd597779c9	t	2025-11-01 21:30:53.588871
dd70f434-4731-4d16-b1fd-199c00aa7244	3b9359ce-9703-40ba-b24c-4890af8e64e7	d3373e62-c862-48ad-9db6-4cf353621f7e	t	2025-11-01 21:30:53.591511
e7f172b9-4ad6-4bd1-80d9-c88491b98990	3b9359ce-9703-40ba-b24c-4890af8e64e7	c976e410-ded4-4cc0-ab2f-53ee8abe2a4d	t	2025-11-01 21:30:53.596058
b45e43ce-8419-4a27-8aed-c09aa910e2e0	8c910fd4-9582-4c74-863e-40f6bc168bc0	e22adc74-dbad-4a52-8822-d41df3c3a7d0	t	2025-11-01 21:33:01.737815
46132db2-a122-4404-b87d-a6ce87453442	8c910fd4-9582-4c74-863e-40f6bc168bc0	d3373e62-c862-48ad-9db6-4cf353621f7e	t	2025-11-01 21:33:01.750808
dcc34d91-a823-4f98-ae5d-78f7c811fed5	2061fd5e-1567-4c8d-87af-a240deb4f826	d83f7d2d-2b57-40bd-80ad-23e4eb03b8a9	t	2025-11-01 21:36:28.53194
fde98bb0-28cd-4305-9880-628c291924fa	2061fd5e-1567-4c8d-87af-a240deb4f826	638378af-a3a0-4010-96bd-a4fcdf49e841	t	2025-11-01 21:36:28.570424
edeaba43-7680-40ff-be4e-b829b73e2e69	2061fd5e-1567-4c8d-87af-a240deb4f826	839f0f95-bd46-4565-b2bc-9c76f0eec536	t	2025-11-01 21:36:28.573517
087ae518-6273-4a65-96a4-c5302deaacfa	2061fd5e-1567-4c8d-87af-a240deb4f826	c976e410-ded4-4cc0-ab2f-53ee8abe2a4d	t	2025-11-01 21:36:28.576391
00b1f98e-479b-4c55-a6e8-534b0c7399ce	6514c434-5c57-4efc-b9f9-710aa9fe061e	d83f7d2d-2b57-40bd-80ad-23e4eb03b8a9	t	2025-11-01 21:38:30.97062
8e8a049a-f0d7-4afa-85f9-5b14af02feb7	6514c434-5c57-4efc-b9f9-710aa9fe061e	e22adc74-dbad-4a52-8822-d41df3c3a7d0	t	2025-11-01 21:38:30.98707
7a1e5dfa-8544-4a6f-82b6-fe12da7dbf4a	6514c434-5c57-4efc-b9f9-710aa9fe061e	b982f348-6db4-438a-b106-c74d69e87e2d	t	2025-11-01 21:38:30.99082
54385281-7bb8-4e96-af3b-30ee3f176f9d	6514c434-5c57-4efc-b9f9-710aa9fe061e	839f0f95-bd46-4565-b2bc-9c76f0eec536	t	2025-11-01 21:38:30.996422
fa6612e5-0a1a-464e-aee3-1765c35a6b8b	6514c434-5c57-4efc-b9f9-710aa9fe061e	fb1a9540-a35f-4789-a917-888bc71c4e5b	t	2025-11-01 21:38:30.99933
a33cc3a2-28e1-479c-b830-a1b0c5c406aa	6514c434-5c57-4efc-b9f9-710aa9fe061e	638378af-a3a0-4010-96bd-a4fcdf49e841	t	2025-11-01 21:38:31.002364
1a84f9cf-a5d9-44db-bf04-3593f3be071b	de2e7706-10ec-42a7-b94f-e8ac29f7fbe1	839f0f95-bd46-4565-b2bc-9c76f0eec536	t	2025-11-01 21:40:24.126913
ff30f3d4-add2-4cd0-a832-8d12c371dbd0	de2e7706-10ec-42a7-b94f-e8ac29f7fbe1	638378af-a3a0-4010-96bd-a4fcdf49e841	t	2025-11-01 21:40:24.161863
e933b1f2-16bd-4791-8a48-3b53fb184243	de2e7706-10ec-42a7-b94f-e8ac29f7fbe1	e22adc74-dbad-4a52-8822-d41df3c3a7d0	t	2025-11-01 21:40:24.167132
7203de10-89b1-46d6-a00f-7e76a0ac88c6	4a640ed2-2210-4f67-9e30-a4ad2230b334	638378af-a3a0-4010-96bd-a4fcdf49e841	t	2025-11-01 21:49:14.898266
56df9500-a3f5-4303-adba-7b156041f2d3	4a640ed2-2210-4f67-9e30-a4ad2230b334	d3373e62-c862-48ad-9db6-4cf353621f7e	t	2025-11-01 21:49:14.912391
97a06002-2b34-4d28-8471-cc7e231f48ef	4a640ed2-2210-4f67-9e30-a4ad2230b334	e22adc74-dbad-4a52-8822-d41df3c3a7d0	t	2025-11-01 21:49:14.919521
11507e49-e8b5-45c1-a104-03cff5dbd7d0	6514c434-5c57-4efc-b9f9-710aa9fe061e	d3373e62-c862-48ad-9db6-4cf353621f7e	t	2025-11-01 21:51:57.925433
7b3cdd71-2912-4832-a39f-42d46199ff16	bceff159-c377-4d6d-b161-b45138f48702	e22adc74-dbad-4a52-8822-d41df3c3a7d0	t	2025-11-14 11:26:33.498019
30271463-8ca9-4b72-8c36-6f43fe9527af	bceff159-c377-4d6d-b161-b45138f48702	d83f7d2d-2b57-40bd-80ad-23e4eb03b8a9	t	2025-11-14 11:26:33.510848
87e25875-b97e-4ff0-b71e-7af26975263f	bceff159-c377-4d6d-b161-b45138f48702	638378af-a3a0-4010-96bd-a4fcdf49e841	t	2025-11-14 11:26:33.518106
573a20f1-3165-401f-8f01-08da1f37fdcd	bceff159-c377-4d6d-b161-b45138f48702	839f0f95-bd46-4565-b2bc-9c76f0eec536	t	2025-11-14 11:26:33.523332
86f450b2-c394-48b1-9da0-274ed3da3fb4	bceff159-c377-4d6d-b161-b45138f48702	d3373e62-c862-48ad-9db6-4cf353621f7e	t	2025-11-14 11:27:02.373481
\.


--
-- Name: alembic_version alembic_version_pkc; Type: CONSTRAINT; Schema: public; Owner: futsal_user
--

ALTER TABLE ONLY public.alembic_version
    ADD CONSTRAINT alembic_version_pkc PRIMARY KEY (version_num);


--
-- Name: match_attendances match_attendances_pkey; Type: CONSTRAINT; Schema: public; Owner: futsal_user
--

ALTER TABLE ONLY public.match_attendances
    ADD CONSTRAINT match_attendances_pkey PRIMARY KEY (id);


--
-- Name: match_results match_results_pkey; Type: CONSTRAINT; Schema: public; Owner: futsal_user
--

ALTER TABLE ONLY public.match_results
    ADD CONSTRAINT match_results_pkey PRIMARY KEY (id);


--
-- Name: matches matches_pkey; Type: CONSTRAINT; Schema: public; Owner: futsal_user
--

ALTER TABLE ONLY public.matches
    ADD CONSTRAINT matches_pkey PRIMARY KEY (id);


--
-- Name: player_match_ratings player_match_ratings_pkey; Type: CONSTRAINT; Schema: public; Owner: futsal_user
--

ALTER TABLE ONLY public.player_match_ratings
    ADD CONSTRAINT player_match_ratings_pkey PRIMARY KEY (id);


--
-- Name: player_season_ratings player_season_ratings_pkey; Type: CONSTRAINT; Schema: public; Owner: futsal_user
--

ALTER TABLE ONLY public.player_season_ratings
    ADD CONSTRAINT player_season_ratings_pkey PRIMARY KEY (id);


--
-- Name: players players_pkey; Type: CONSTRAINT; Schema: public; Owner: futsal_user
--

ALTER TABLE ONLY public.players
    ADD CONSTRAINT players_pkey PRIMARY KEY (id);


--
-- Name: seasons seasons_pkey; Type: CONSTRAINT; Schema: public; Owner: futsal_user
--

ALTER TABLE ONLY public.seasons
    ADD CONSTRAINT seasons_pkey PRIMARY KEY (id);


--
-- Name: team_players team_players_pkey; Type: CONSTRAINT; Schema: public; Owner: futsal_user
--

ALTER TABLE ONLY public.team_players
    ADD CONSTRAINT team_players_pkey PRIMARY KEY (id);


--
-- Name: teams teams_pkey; Type: CONSTRAINT; Schema: public; Owner: futsal_user
--

ALTER TABLE ONLY public.teams
    ADD CONSTRAINT teams_pkey PRIMARY KEY (id);


--
-- Name: third_time_attendances third_time_attendances_pkey; Type: CONSTRAINT; Schema: public; Owner: futsal_user
--

ALTER TABLE ONLY public.third_time_attendances
    ADD CONSTRAINT third_time_attendances_pkey PRIMARY KEY (id);


--
-- Name: match_attendances uq_match_player_attendance; Type: CONSTRAINT; Schema: public; Owner: futsal_user
--

ALTER TABLE ONLY public.match_attendances
    ADD CONSTRAINT uq_match_player_attendance UNIQUE (match_id, player_id);


--
-- Name: third_time_attendances uq_match_player_third_time; Type: CONSTRAINT; Schema: public; Owner: futsal_user
--

ALTER TABLE ONLY public.third_time_attendances
    ADD CONSTRAINT uq_match_player_third_time UNIQUE (match_id, player_id);


--
-- Name: teams uq_match_team_name; Type: CONSTRAINT; Schema: public; Owner: futsal_user
--

ALTER TABLE ONLY public.teams
    ADD CONSTRAINT uq_match_team_name UNIQUE (match_id, name);


--
-- Name: player_match_ratings uq_player_match_rating; Type: CONSTRAINT; Schema: public; Owner: futsal_user
--

ALTER TABLE ONLY public.player_match_ratings
    ADD CONSTRAINT uq_player_match_rating UNIQUE (player_id, match_id);


--
-- Name: player_season_ratings uq_player_season; Type: CONSTRAINT; Schema: public; Owner: futsal_user
--

ALTER TABLE ONLY public.player_season_ratings
    ADD CONSTRAINT uq_player_season UNIQUE (player_id, season_id);


--
-- Name: matches uq_season_match_week; Type: CONSTRAINT; Schema: public; Owner: futsal_user
--

ALTER TABLE ONLY public.matches
    ADD CONSTRAINT uq_season_match_week UNIQUE (season_id, match_week);


--
-- Name: team_players uq_team_player; Type: CONSTRAINT; Schema: public; Owner: futsal_user
--

ALTER TABLE ONLY public.team_players
    ADD CONSTRAINT uq_team_player UNIQUE (team_id, player_id);


--
-- Name: ix_match_attendances_match_id; Type: INDEX; Schema: public; Owner: futsal_user
--

CREATE INDEX ix_match_attendances_match_id ON public.match_attendances USING btree (match_id);


--
-- Name: ix_match_attendances_player_id; Type: INDEX; Schema: public; Owner: futsal_user
--

CREATE INDEX ix_match_attendances_player_id ON public.match_attendances USING btree (player_id);


--
-- Name: ix_match_results_match_id; Type: INDEX; Schema: public; Owner: futsal_user
--

CREATE UNIQUE INDEX ix_match_results_match_id ON public.match_results USING btree (match_id);


--
-- Name: ix_matches_match_date; Type: INDEX; Schema: public; Owner: futsal_user
--

CREATE INDEX ix_matches_match_date ON public.matches USING btree (match_date);


--
-- Name: ix_matches_match_week; Type: INDEX; Schema: public; Owner: futsal_user
--

CREATE INDEX ix_matches_match_week ON public.matches USING btree (match_week);


--
-- Name: ix_matches_season_id; Type: INDEX; Schema: public; Owner: futsal_user
--

CREATE INDEX ix_matches_season_id ON public.matches USING btree (season_id);


--
-- Name: ix_matches_status; Type: INDEX; Schema: public; Owner: futsal_user
--

CREATE INDEX ix_matches_status ON public.matches USING btree (status);


--
-- Name: ix_player_match_ratings_match_date; Type: INDEX; Schema: public; Owner: futsal_user
--

CREATE INDEX ix_player_match_ratings_match_date ON public.player_match_ratings USING btree (match_date);


--
-- Name: ix_player_match_ratings_match_id; Type: INDEX; Schema: public; Owner: futsal_user
--

CREATE INDEX ix_player_match_ratings_match_id ON public.player_match_ratings USING btree (match_id);


--
-- Name: ix_player_match_ratings_player_id; Type: INDEX; Schema: public; Owner: futsal_user
--

CREATE INDEX ix_player_match_ratings_player_id ON public.player_match_ratings USING btree (player_id);


--
-- Name: ix_player_match_ratings_season_id; Type: INDEX; Schema: public; Owner: futsal_user
--

CREATE INDEX ix_player_match_ratings_season_id ON public.player_match_ratings USING btree (season_id);


--
-- Name: ix_player_season_match_date_desc; Type: INDEX; Schema: public; Owner: futsal_user
--

CREATE INDEX ix_player_season_match_date_desc ON public.player_match_ratings USING btree (player_id, season_id, match_date DESC);


--
-- Name: ix_player_season_ratings_player_id; Type: INDEX; Schema: public; Owner: futsal_user
--

CREATE INDEX ix_player_season_ratings_player_id ON public.player_season_ratings USING btree (player_id);


--
-- Name: ix_player_season_ratings_season_id; Type: INDEX; Schema: public; Owner: futsal_user
--

CREATE INDEX ix_player_season_ratings_season_id ON public.player_season_ratings USING btree (season_id);


--
-- Name: ix_players_name; Type: INDEX; Schema: public; Owner: futsal_user
--

CREATE INDEX ix_players_name ON public.players USING btree (name);


--
-- Name: ix_seasons_is_active; Type: INDEX; Schema: public; Owner: futsal_user
--

CREATE INDEX ix_seasons_is_active ON public.seasons USING btree (is_active);


--
-- Name: ix_seasons_year; Type: INDEX; Schema: public; Owner: futsal_user
--

CREATE INDEX ix_seasons_year ON public.seasons USING btree (year);


--
-- Name: ix_team_players_player_id; Type: INDEX; Schema: public; Owner: futsal_user
--

CREATE INDEX ix_team_players_player_id ON public.team_players USING btree (player_id);


--
-- Name: ix_team_players_team_id; Type: INDEX; Schema: public; Owner: futsal_user
--

CREATE INDEX ix_team_players_team_id ON public.team_players USING btree (team_id);


--
-- Name: ix_teams_match_id; Type: INDEX; Schema: public; Owner: futsal_user
--

CREATE INDEX ix_teams_match_id ON public.teams USING btree (match_id);


--
-- Name: ix_third_time_attendances_match_id; Type: INDEX; Schema: public; Owner: futsal_user
--

CREATE INDEX ix_third_time_attendances_match_id ON public.third_time_attendances USING btree (match_id);


--
-- Name: ix_third_time_attendances_player_id; Type: INDEX; Schema: public; Owner: futsal_user
--

CREATE INDEX ix_third_time_attendances_player_id ON public.third_time_attendances USING btree (player_id);


--
-- Name: match_attendances match_attendances_match_id_fkey; Type: FK CONSTRAINT; Schema: public; Owner: futsal_user
--

ALTER TABLE ONLY public.match_attendances
    ADD CONSTRAINT match_attendances_match_id_fkey FOREIGN KEY (match_id) REFERENCES public.matches(id) ON DELETE CASCADE;


--
-- Name: match_attendances match_attendances_player_id_fkey; Type: FK CONSTRAINT; Schema: public; Owner: futsal_user
--

ALTER TABLE ONLY public.match_attendances
    ADD CONSTRAINT match_attendances_player_id_fkey FOREIGN KEY (player_id) REFERENCES public.players(id) ON DELETE CASCADE;


--
-- Name: match_results match_results_match_id_fkey; Type: FK CONSTRAINT; Schema: public; Owner: futsal_user
--

ALTER TABLE ONLY public.match_results
    ADD CONSTRAINT match_results_match_id_fkey FOREIGN KEY (match_id) REFERENCES public.matches(id) ON DELETE CASCADE;


--
-- Name: match_results match_results_team_a_id_fkey; Type: FK CONSTRAINT; Schema: public; Owner: futsal_user
--

ALTER TABLE ONLY public.match_results
    ADD CONSTRAINT match_results_team_a_id_fkey FOREIGN KEY (team_a_id) REFERENCES public.teams(id) ON DELETE CASCADE;


--
-- Name: match_results match_results_team_b_id_fkey; Type: FK CONSTRAINT; Schema: public; Owner: futsal_user
--

ALTER TABLE ONLY public.match_results
    ADD CONSTRAINT match_results_team_b_id_fkey FOREIGN KEY (team_b_id) REFERENCES public.teams(id) ON DELETE CASCADE;


--
-- Name: match_results match_results_winning_team_id_fkey; Type: FK CONSTRAINT; Schema: public; Owner: futsal_user
--

ALTER TABLE ONLY public.match_results
    ADD CONSTRAINT match_results_winning_team_id_fkey FOREIGN KEY (winning_team_id) REFERENCES public.teams(id) ON DELETE CASCADE;


--
-- Name: matches matches_season_id_fkey; Type: FK CONSTRAINT; Schema: public; Owner: futsal_user
--

ALTER TABLE ONLY public.matches
    ADD CONSTRAINT matches_season_id_fkey FOREIGN KEY (season_id) REFERENCES public.seasons(id) ON DELETE CASCADE;


--
-- Name: player_match_ratings player_match_ratings_match_id_fkey; Type: FK CONSTRAINT; Schema: public; Owner: futsal_user
--

ALTER TABLE ONLY public.player_match_ratings
    ADD CONSTRAINT player_match_ratings_match_id_fkey FOREIGN KEY (match_id) REFERENCES public.matches(id) ON DELETE CASCADE;


--
-- Name: player_match_ratings player_match_ratings_player_id_fkey; Type: FK CONSTRAINT; Schema: public; Owner: futsal_user
--

ALTER TABLE ONLY public.player_match_ratings
    ADD CONSTRAINT player_match_ratings_player_id_fkey FOREIGN KEY (player_id) REFERENCES public.players(id) ON DELETE CASCADE;


--
-- Name: player_match_ratings player_match_ratings_season_id_fkey; Type: FK CONSTRAINT; Schema: public; Owner: futsal_user
--

ALTER TABLE ONLY public.player_match_ratings
    ADD CONSTRAINT player_match_ratings_season_id_fkey FOREIGN KEY (season_id) REFERENCES public.seasons(id) ON DELETE CASCADE;


--
-- Name: player_season_ratings player_season_ratings_player_id_fkey; Type: FK CONSTRAINT; Schema: public; Owner: futsal_user
--

ALTER TABLE ONLY public.player_season_ratings
    ADD CONSTRAINT player_season_ratings_player_id_fkey FOREIGN KEY (player_id) REFERENCES public.players(id) ON DELETE CASCADE;


--
-- Name: player_season_ratings player_season_ratings_season_id_fkey; Type: FK CONSTRAINT; Schema: public; Owner: futsal_user
--

ALTER TABLE ONLY public.player_season_ratings
    ADD CONSTRAINT player_season_ratings_season_id_fkey FOREIGN KEY (season_id) REFERENCES public.seasons(id) ON DELETE CASCADE;


--
-- Name: team_players team_players_player_id_fkey; Type: FK CONSTRAINT; Schema: public; Owner: futsal_user
--

ALTER TABLE ONLY public.team_players
    ADD CONSTRAINT team_players_player_id_fkey FOREIGN KEY (player_id) REFERENCES public.players(id) ON DELETE CASCADE;


--
-- Name: team_players team_players_team_id_fkey; Type: FK CONSTRAINT; Schema: public; Owner: futsal_user
--

ALTER TABLE ONLY public.team_players
    ADD CONSTRAINT team_players_team_id_fkey FOREIGN KEY (team_id) REFERENCES public.teams(id) ON DELETE CASCADE;


--
-- Name: teams teams_match_id_fkey; Type: FK CONSTRAINT; Schema: public; Owner: futsal_user
--

ALTER TABLE ONLY public.teams
    ADD CONSTRAINT teams_match_id_fkey FOREIGN KEY (match_id) REFERENCES public.matches(id) ON DELETE CASCADE;


--
-- Name: third_time_attendances third_time_attendances_match_id_fkey; Type: FK CONSTRAINT; Schema: public; Owner: futsal_user
--

ALTER TABLE ONLY public.third_time_attendances
    ADD CONSTRAINT third_time_attendances_match_id_fkey FOREIGN KEY (match_id) REFERENCES public.matches(id) ON DELETE CASCADE;


--
-- Name: third_time_attendances third_time_attendances_player_id_fkey; Type: FK CONSTRAINT; Schema: public; Owner: futsal_user
--

ALTER TABLE ONLY public.third_time_attendances
    ADD CONSTRAINT third_time_attendances_player_id_fkey FOREIGN KEY (player_id) REFERENCES public.players(id) ON DELETE CASCADE;


--
-- PostgreSQL database dump complete
--

\unrestrict Vv9kE0ixeg9bZ3aSdETRHKzhGYzs66SAYfjwtfX3UD4GCgeEoFiAg9OCmBwKcBR

